health,power,bearing,x,y,z,r1,r2,r3,r4,r5,r6,r7,r8,r9,r10,r11,r12
1000,1000,208.16616821289062,-1147.0,30.0,-462.0,-0.8815822601318359,0.0,0.4720304608345032,0.0,0.0,1.0,0.0,0.0,-0.4720304608345032,0.0,-0.8815822601318359,0.0
1000,1000,211.7640838623047,-1147.0,29.975475311279297,-462.0,-0.850223183631897,5.661010327173699e-09,0.5264230370521545,0.0,7.469723506403625e-09,1.0,1.3105796448087403e-09,0.0,-0.5264230370521545,5.046518758433649e-09,-0.850223183631897,0.0
1000,1000,211.29742431640625,-1147.0,29.92667007446289,-462.0,-0.8544822931289673,2.1292944296646965e-08,0.5194806456565857,0.0,2.5445523021971894e-08,1.0,8.65870486421727e-10,0.0,-0.5194806456565857,1.3958327826912864e-08,-0.8544822931289673,0.0
1000,1000,210.35494995117188,-1147.0,29.85382843017578,-461.99993896484375,-0.8629114031791687,5.2687551942653954e-05,0.5053552985191345,0.0,0.0003622203366830945,0.9999998211860657,0.0005142451846040785,0.0,-0.505355179309845,0.0006267979624681175,-0.8629112243652344,0.0
1000,1000,209.51287841796875,-1147.0,29.757190704345703,-461.9998474121094,-0.870245099067688,0.0001840104814618826,0.4926189184188843,0.0,0.0007967143319547176,0.9999991655349731,0.0010339157888665795,0.0,-0.4926183223724365,0.0012922367313876748,-0.8702445030212402,0.0
1000,1000,208.69317626953125,-1147.0,29.636993408203125,-461.9997863769531,-0.8772035241127014,0.0003034423862118274,0.4801185131072998,0.0,0.0011988104088231921,0.9999980926513672,0.0015582797350361943,0.0,-0.4801170825958252,0.0019424996571615338,-0.8772022128105164,0.0
1000,1000,207.87631225585938,-1147.0,29.493473052978516,-461.9997253417969,-0.8839597105979919,0.00044459913624450564,0.4675636291503906,0.0,0.001605271128937602,0.999996542930603,0.0020839881617575884,0.0,-0.4675610661506653,0.0025927273090928793,-0.8839573264122009,0.0
1000,1000,207.0635223388672,-1147.0,29.326862335205078,-461.9996643066406,-0.8905032873153687,0.0006031953380443156,0.45497649908065796,0.0,0.002011373173445463,0.9999945759773254,0.002610997064039111,0.0,-0.45497244596481323,0.0032402288634330034,-0.8904996514320374,0.0
1000,1000,206.25534057617188,-1147.0,29.137393951416016,-461.9996032714844,-0.896832287311554,0.0007784782792441547,0.44237029552459717,0.0,0.0024165569338947535,0.9999921321868896,0.003139392239972949,0.0,-0.4423643946647644,0.0038845210801810026,-0.8968271613121033,0.0
1000,1000,205.45181274414062,-1147.0,28.925294876098633,-461.9995422363281,-0.9029479026794434,0.000971606932580471,0.4297489821910858,0.0,0.002822095062583685,0.9999892711639404,0.0036686721723526716,0.0,-0.4297408163547516,0.00452541233971715,-0.9029409885406494,0.0
1000,1000,204.65280151367188,-1147.0,28.690792083740234,-461.9994812011719,-0.9088531136512756,0.0011798482155427337,0.4171149432659149,0.0,0.00322531396523118,0.999985933303833,0.004199093673378229,0.0,-0.41710415482521057,0.005161685403436422,-0.9088441729545593,0.0
1000,1000,203.8583526611328,-1147.0,28.43410873413086,-461.9994201660156,-0.9145494103431702,0.0014044501585885882,0.4044725000858307,0.0,0.0036276639439165592,0.9999822378158569,0.004730239976197481,0.0,-0.4044586718082428,0.005793326999992132,-0.9145382046699524,0.0
1000,1000,203.0684356689453,-1147.0,28.155467987060547,-461.9993591308594,-0.9200384616851807,0.0016438610618934035,0.3918249309062958,0.0,0.004027754534035921,0.9999780654907227,0.005262206308543682,0.0,-0.3918077051639557,0.006419606506824493,-0.9200248718261719,0.0
1000,1000,202.28297424316406,-1147.0,27.855087280273438,-461.9992980957031,-0.9253230690956116,0.0018981611356139183,0.3791748285293579,0.0,0.004425829742103815,0.9999734163284302,0.005794719327241182,0.0,-0.3791537284851074,0.0070401509292423725,-0.9253068566322327,0.0
1000,1000,201.50198364257812,-1147.0,27.533185958862305,-461.9992370605469,-0.9304055571556091,0.002168011385947466,0.36652591824531555,0.0,0.004822719842195511,0.9999683499336243,0.006327359937131405,0.0,-0.366500586271286,0.007654661312699318,-0.9303865432739258,0.0
1000,1000,200.72537231445312,-1147.0,27.189977645874023,-461.9991760253906,-0.9352874755859375,0.0024500577710568905,0.3538808524608612,0.0,0.0052152820862829685,0.9999628663063049,0.006860557943582535,0.0,-0.35385093092918396,0.008262180723249912,-0.9352654814720154,0.0
1000,1000,199.95321655273438,-1147.0,26.8256778717041,-461.9991149902344,-0.9399712681770325,0.0027467459440231323,0.3412433862686157,0.0,0.005606228485703468,0.9999569654464722,0.007393739186227322,0.0,-0.34120839834213257,0.008862988092005253,-0.9399462342262268,0.0
1000,1000,199.18545532226562,-1147.0,26.440494537353516,-461.9990539550781,-0.9444586038589478,0.003056488698348403,0.3286164104938507,0.0,0.005994172766804695,0.9999505877494812,0.00792690273374319,0.0,-0.3285759389400482,0.009456413798034191,-0.9444302916526794,0.0
1000,1000,198.42205810546875,-1147.0,26.034639358520508,-461.9989929199219,-0.9487525820732117,0.003378848312422633,0.31600329279899597,0.0,0.00637898501008749,0.9999438524246216,0.008460093289613724,0.0,-0.3159569799900055,0.010042311623692513,-0.9487208724021912,0.0
1000,1000,197.6629638671875,-1147.0,25.60831642150879,-461.9989318847656,-0.9528542757034302,0.00371252978220582,0.3034049868583679,0.0,0.006759469863027334,0.9999366998672485,0.008992916904389858,0.0,-0.303352415561676,0.010619797743856907,-0.9528191089630127,0.0
1000,1000,196.90817260742188,-1147.0,25.161731719970703,-461.9988708496094,-0.9567675590515137,0.004057134967297316,0.2908255457878113,0.0,0.007135579828172922,0.9999291300773621,0.009525447152554989,0.0,-0.29076629877090454,0.01118884701281786,-0.9567287564277649,0.0
1000,1000,196.15768432617188,-1147.0,24.695087432861328,-461.9988098144531,-0.9604938626289368,0.004414708819240332,0.27826783061027527,0.0,0.007509660441428423,0.9999212622642517,0.010057286359369755,0.0,-0.27820149064064026,0.011749654076993465,-0.9604513645172119,0.0
1000,1000,195.4114227294922,-1147.0,24.208585739135742,-461.9987487792969,-0.9640349745750427,0.004781596828252077,0.2657335102558136,0.0,0.007878229953348637,0.9999129176139832,0.010588452219963074,0.0,-0.26565971970558167,0.012301145121455193,-0.9639886617660522,0.0
1000,1000,194.66946411132812,-1147.0,23.702423095703125,-461.9986877441406,-0.9673932790756226,0.0051586199551820755,0.2532265782356262,0.0,0.008242486976087093,0.999904215335846,0.01111889723688364,0.0,-0.2531449794769287,0.012843563221395016,-0.9673431515693665,0.0
1000,1000,193.931640625,-1147.0,23.17679786682129,-461.9986267089844,-0.970572292804718,0.005545258056372404,0.24074791371822357,0.0,0.008602162823081017,0.9998951554298401,0.011648454703390598,0.0,-0.24065808951854706,0.013376615010201931,-0.9705182313919067,0.0
1000,1000,193.1980438232422,-1147.0,22.63190269470215,-461.9985656738281,-0.9735725522041321,0.005940997041761875,0.22830070555210114,0.0,0.008957000449299812,0.9998857378959656,0.012176799587905407,0.0,-0.22820226848125458,0.013899887911975384,-0.9735145568847656,0.0
1000,1000,192.46861267089844,-1147.0,22.06793212890625,-461.9985046386719,-0.9763978123664856,0.006345430854707956,0.21588735282421112,0.0,0.009306935593485832,0.9998759627342224,0.012703969143331051,0.0,-0.21577997505664825,0.014413374476134777,-0.9763357639312744,0.0
1000,1000,191.7433319091797,-1147.0,21.485076904296875,-461.9984436035156,-0.9790495038032532,0.006757416762411594,0.20350997149944305,0.0,0.009651106782257557,0.9998658895492554,0.013229827396571636,0.0,-0.20339329540729523,0.014916752465069294,-0.978983461856842,0.0
1000,1000,191.02212524414062,-1147.0,20.88352394104004,-461.9983825683594,-0.9815311431884766,0.007177176419645548,0.19117021560668945,0.0,0.009990064427256584,0.9998555183410645,0.013754316605627537,0.0,-0.191043883562088,0.015410085208714008,-0.9814610481262207,0.0
1000,1000,190.30506896972656,-1147.0,20.26346206665039,-461.9983215332031,-0.9838430285453796,0.0076047927141189575,0.1788710504770279,0.0,0.010324152186512947,0.9998447299003601,0.014276952482759953,0.0,-0.1787347048521042,0.01589297316968441,-0.9837688207626343,0.0
1000,1000,189.59207153320312,-1147.0,19.625076293945312,-461.9982604980469,-0.985989511013031,0.008039337582886219,0.16661401093006134,0.0,0.010652807541191578,0.9998337626457214,0.014798003248870373,0.0,-0.1664673537015915,0.01636558212339878,-0.9859112501144409,0.0
1000,1000,188.8831024169922,-1147.0,18.968549728393555,-461.9981994628906,-0.9879719018936157,0.008479573763906956,0.15440090000629425,0.0,0.010975048877298832,0.9998224377632141,0.015317089855670929,0.0,-0.154243603348732,0.016827411949634552,-0.9878895878791809,0.0
1000,1000,188.17813110351562,-1147.0,18.2940616607666,-461.9981384277344,-0.9897931218147278,0.008927750401198864,0.1422332525253296,0.0,0.011293475516140461,0.9998108744621277,0.015834130346775055,0.0,-0.14206498861312866,0.017278816550970078,-0.9897067546844482,0.0
1000,1000,187.47720336914062,-1147.0,17.601795196533203,-461.9980773925781,-0.9914550185203552,0.00937956664711237,0.13011419773101807,0.0,0.011604099534451962,0.9997990131378174,0.016349157318472862,0.0,-0.12993469834327698,0.01771930418908596,-0.9913645386695862,0.0
1000,1000,186.78016662597656,-1147.0,16.891925811767578,-461.9980163574219,-0.9929599761962891,0.009837050922214985,0.11804349720478058,0.0,0.01190922874957323,0.999786913394928,0.01686183176934719,0.0,-0.11785246431827545,0.01814892701804638,-0.9928655028343201,0.0
1000,1000,186.08718872070312,-1147.0,16.164628982543945,-461.9979553222656,-0.994310200214386,0.010297953151166439,0.10602588206529617,0.0,0.01220699679106474,0.9997745752334595,0.01737225614488125,0.0,-0.1058230772614479,0.018567664548754692,-0.994211733341217,0.0
1000,1000,185.3981170654297,-1147.0,15.42008113861084,-461.9978942871094,-0.9955084919929504,0.010765718296170235,0.0940605103969574,0.0,0.012501100078225136,0.9997619986534119,0.0178799107670784,0.0,-0.09384563565254211,0.018975459039211273,-0.9954061508178711,0.0
1000,1000,184.71295166015625,-1147.0,14.658452987670898,-461.99786376953125,-0.9965569376945496,0.011236162856221199,0.08214981853961945,0.0,0.01278771087527275,0.9997491836547852,0.018385116010904312,0.0,-0.08192263543605804,0.01937231793999672,-0.9964507222175598,0.0
1000,1000,184.03164672851562,-1147.0,13.879916191101074,-461.9978332519531,-0.99745774269104,0.011709367856383324,0.07029493898153305,0.0,0.013067185878753662,0.9997362494468689,0.018887333571910858,0.0,-0.07005523890256882,0.019757870584726334,-0.9973476529121399,0.0
1000,1000,183.35421752929688,-1147.0,13.084639549255371,-461.997802734375,-0.9982129335403442,0.01218567043542862,0.05849771201610565,0.0,0.01334020309150219,0.9997230768203735,0.01938658393919468,0.0,-0.05824527144432068,0.020132316276431084,-0.9980990886688232,0.0
1000,1000,182.68063354492188,-1147.0,12.272790908813477,-461.9977722167969,-0.9988259077072144,0.012666082940995693,0.04675959795713425,0.0,0.013608100824058056,0.9997096657752991,0.01988290809094906,0.0,-0.04649418592453003,0.02049587108194828,-0.9987083077430725,0.0
1000,1000,182.0108642578125,-1147.0,11.444536209106445,-461.99774169921875,-0.9992983341217041,0.013147598132491112,0.03508184105157852,0.0,0.013868167996406555,0.9996961951255798,0.020375996828079224,0.0,-0.03480328619480133,0.020848214626312256,-0.9991770386695862,0.0
1000,1000,181.34490966796875,-1147.0,10.600038528442383,-461.9977111816406,-0.9996315240859985,0.013632462359964848,0.023465964943170547,0.0,0.014122973196208477,0.9996825456619263,0.020865870639681816,0.0,-0.023174062371253967,0.021189594641327858,-0.9995067119598389,0.0
1000,1000,180.6827392578125,-1147.0,9.739460945129395,-461.9976806640625,-0.9998294711112976,0.014117742888629436,0.011912980116903782,0.0,0.014369889162480831,0.9996687769889832,0.021352382376790047,0.0,-0.011607586406171322,0.02151992730796337,-0.9997011423110962,0.0
1000,1000,180.02432250976562,-1147.0,8.862963676452637,-461.9976501464844,-0.9998932480812073,0.014604371972382069,0.00042443571146577597,0.0,0.01461015734821558,0.9996548295021057,0.02183539792895317,0.0,-0.00010539691720623523,0.021839268505573273,-0.9997614622116089,0.0
1000,1000,179.69265747070312,-1147.0054931640625,8.578065872192383,-462.0179443359375,-0.9999750256538391,0.004595196805894375,-0.005363710690289736,0.0,0.004543512128293514,0.9999434947967529,0.00960881169885397,0.0,0.005407562013715506,0.00958420243114233,-0.9999393820762634,0.0
1000,1000,179.6297607421875,-1147.0177001953125,8.723367691040039,-462.0535888671875,-0.9999792575836182,0.0005066019366495311,-0.006462004501372576,0.0,0.0004989259759895504,0.9999991655349731,0.0011894204653799534,0.0,0.006462601479142904,0.0011861713137477636,-0.9999786615371704,0.0
1000,1000,179.73452758789062,-1147.029052734375,9.021742820739746,-462.100341796875,-0.9999889731407166,-0.0005967352190054953,-0.004633418284356594,0.0,-0.000592443102505058,0.9999994039535522,-0.0009276670170947909,0.0,0.004633968695998192,-0.0009249118156731129,-0.9999887347221375,0.0
1000,1000,179.84112548828125,-1147.0400390625,9.293072700500488,-462.146728515625,-0.999993622303009,-0.002261075656861067,-0.0027727712877094746,0.0,-0.0022540846839547157,0.9999942779541016,-0.00252184784039855,0.0,0.0027784574776887894,-0.00251558143645525,-0.9999930262565613,0.0
1000,1000,179.94180297851562,-1147.0509033203125,9.536766052246094,-462.1922302246094,-0.9999918341636658,-0.003945909906178713,-0.0010156474309042096,0.0,-0.003941627684980631,0.9999834895133972,-0.004184212069958448,0.0,0.0010321411537006497,-0.004180173855274916,-0.9999908208847046,0.0
1000,1000,180.04147338867188,-1147.0616455078125,9.753253936767578,-462.23724365234375,-0.9999839067459106,-0.005622739437967539,0.0007237130776047707,0.0,-0.005626872647553682,0.9999671578407288,-0.005841890815645456,0.0,-0.0006908418145030737,-0.005845869425684214,-0.9999826550483704,0.0
1000,1000,180.14065551757812,-1147.072265625,9.942906379699707,-462.2818298339844,-0.9999703764915466,-0.007300717756152153,0.0024550543166697025,0.0,-0.007318914867937565,0.9999452233314514,-0.0074866460636258125,0.0,-0.00240026181563735,-0.0075043924152851105,-0.9999690055847168,0.0
1000,1000,180.23941040039062,-1147.082763671875,10.106049537658691,-462.3259582519531,-0.9999509453773499,-0.00897926650941372,0.0041783894412219524,0.0,-0.009017083793878555,0.99991774559021,-0.009121648035943508,0.0,-0.0040961396880447865,-0.009158876724541187,-0.9999496340751648,0.0
1000,1000,180.3376007080078,-1147.0931396484375,10.242982864379883,-462.3696594238281,-0.9999257922172546,-0.010660646483302116,0.005891900975257158,0.0,-0.01072353683412075,0.9998847246170044,-0.010747699066996574,0.0,-0.005776644218713045,-0.010810084640979767,-0.9999248385429382,0.0
1000,1000,180.43524169921875,-1147.103515625,10.35399055480957,-462.4129333496094,-0.9998948574066162,-0.01234370470046997,0.007595577277243137,0.0,-0.012437034398317337,0.9998462200164795,-0.012365455739200115,0.0,-0.0074417730793356895,-0.012458623386919498,-0.9998946189880371,0.0
1000,1000,180.5323486328125,-1147.11376953125,10.439343452453613,-462.4557800292969,-0.9998587369918823,-0.014032441191375256,0.00929016713052988,0.0,-0.01416150014847517,0.9998020529747009,-0.013975050300359726,0.0,-0.009092223830521107,-0.014104634523391724,-0.9998595118522644,0.0
1000,1000,180.62892150878906,-1147.1239013671875,10.499305725097656,-462.4981994628906,-0.9998162984848022,-0.015722915530204773,0.010975203476846218,0.0,-0.01589290425181389,0.9997523427009583,-0.0155769232660532,0.0,-0.01072757039219141,-0.015748487785458565,-0.9998186230659485,0.0
1000,1000,180.72500610351562,-1147.1339111328125,10.534135818481445,-462.5401916503906,-0.9997683167457581,-0.017415553331375122,0.012651719152927399,0.0,-0.01763160526752472,0.9996971487998962,-0.017171060666441917,0.0,-0.012348843738436699,-0.01739015243947506,-0.9997725486755371,0.0
1000,1000,180.81991577148438,-1147.143798828125,10.544088363647461,-462.5817565917969,-0.999715268611908,-0.019108761101961136,0.014307074248790741,0.0,-0.01937570422887802,0.9996362924575806,-0.018757881596684456,0.0,-0.013943430036306381,-0.01902974583208561,-0.9997219443321228,0.0
1000,1000,180.9154052734375,-1147.1536865234375,10.529413223266602,-462.6229248046875,-0.999655544757843,-0.020822890102863312,0.01597294770181179,0.0,-0.021146148443222046,0.9995694160461426,-0.020343337208032608,0.0,-0.015542463399469852,-0.020674098283052444,-0.9996654391288757,0.0
1000,1000,181.01052856445312,-1147.1634521484375,10.490357398986816,-462.6636657714844,-0.9995912909507751,-0.0225182194262743,0.017631743103265762,0.0,-0.022902658209204674,0.9994974732398987,-0.021914193406701088,0.0,-0.017129413783550262,-0.022309044376015663,-0.9996047019958496,0.0
1000,1000,181.10507202148438,-1147.173095703125,10.427165985107422,-462.7040100097656,-0.9995213747024536,-0.02420392818748951,0.01928078942000866,0.0,-0.024654293432831764,0.9994204044342041,-0.02347351424396038,0.0,-0.01870146207511425,-0.02393762581050396,-0.999538779258728,0.0
1000,1000,181.19920349121094,-1147.1826171875,10.340080261230469,-462.74395751953125,-0.9994465112686157,-0.025878891348838806,0.0209219828248024,0.0,-0.026399891823530197,0.9993382692337036,-0.02502160705626011,0.0,-0.020260605961084366,-0.025560086593031883,-0.9994683265686035,0.0
1000,1000,181.29281616210938,-1147.1920166015625,10.229339599609375,-462.78350830078125,-0.999366044998169,-0.027544038370251656,0.022553924471139908,0.0,-0.028140245005488396,0.999251127243042,-0.026558466255664825,0.0,-0.021805506199598312,-0.027176305651664734,-0.9993927478790283,0.0
1000,1000,181.38592529296875,-1147.201416015625,10.09518051147461,-462.8226623535156,-0.9992812275886536,-0.02919813245534897,0.024176908656954765,0.0,-0.0298740416765213,0.999159038066864,-0.0280842836946249,0.0,-0.023336568847298622,-0.02878635935485363,-0.9993131160736084,0.0
1000,1000,181.478515625,-1147.210693359375,9.937836647033691,-462.8614196777344,-0.9991915225982666,-0.030845241621136665,0.02579064853489399,0.0,-0.03160524368286133,0.9990620613098145,-0.029598979279398918,0.0,-0.02485346980392933,-0.030390163883566856,-0.9992291927337646,0.0
1000,1000,181.570556640625,-1147.2198486328125,9.757540702819824,-462.8997802734375,-0.9990969300270081,-0.03248293697834015,0.027394551783800125,0.0,-0.03333130478858948,0.9989603161811829,-0.03110240027308464,0.0,-0.026355773210525513,-0.031987402588129044,-0.9991408586502075,0.0
1000,1000,181.66213989257812,-1147.2288818359375,9.554521560668945,-462.9377746582031,-0.998997688293457,-0.03410986810922623,0.028990358114242554,0.0,-0.03505084663629532,0.998853862285614,-0.03259480372071266,0.0,-0.02784532681107521,-0.03357826545834541,-0.9990482926368713,0.0
1000,1000,181.88735961914062,-1147.2266845703125,9.357390403747559,-462.9717712402344,-0.9993352293968201,-0.015649104490876198,0.03292567655444145,0.0,-0.016419662162661552,0.999594509601593,-0.023264199495315552,0.0,-0.03254825994372368,-0.023789364844560623,-0.9991869926452637,0.0
1000,1000,182.24758911132812,-1147.2095947265625,9.158926010131836,-462.9953308105469,-0.9991604685783386,0.011868217960000038,0.03921649605035782,0.0,0.011565977707505226,0.9999017119407654,-0.007924891076982021,0.0,-0.03930669277906418,-0.007464658934623003,-0.9991995096206665,0.0
1000,1000,182.65585327148438,-1147.1822509765625,9.095687866210938,-463.0268859863281,-0.9989098906517029,0.0056874798610806465,0.04633680731058121,0.0,0.005794906057417393,0.9999808073043823,0.002184375422075391,0.0,-0.046323493123054504,0.0024505110923200846,-0.9989237189292908,0.0
1000,1000,183.072998046875,-1147.1507568359375,9.12778091430664,-463.07061767578125,-0.998561680316925,-0.0007879238692112267,0.05360773950815201,0.0,-0.0005254472489468753,0.999987781047821,0.004910163581371307,0.0,-0.05361095815896988,0.004874933511018753,-0.9985499382019043,0.0
1000,1000,183.45452880859375,-1147.1156005859375,9.193679809570312,-463.12750244140625,-0.9981812238693237,-0.001926720724441111,0.06025611236691475,0.0,-0.001702539506368339,0.9999914169311523,0.00377159402705729,0.0,-0.06026286259293556,0.0036621454637497663,-0.9981759786605835,0.0
1000,1000,183.89988708496094,-1147.0755615234375,9.24763298034668,-463.1944274902344,-0.9976835250854492,-0.0015829290496185422,0.06801321357488632,0.0,-0.0014415454352274537,0.9999967217445374,0.0021277964115142822,0.0,-0.06801635771989822,0.0020248224027454853,-0.997682511806488,0.0
1000,1000,184.34823608398438,-1147.0357666015625,9.27647876739502,-463.26092529296875,-0.9971207976341248,-0.0015399196418002248,0.07581821829080582,0.0,-0.001482863095588982,0.9999985694885254,0.0008088343311101198,0.0,-0.07581935077905655,0.0006940772291272879,-0.9971216320991516,0.0
1000,1000,184.79202270507812,-1146.99658203125,9.280433654785156,-463.3263854980469,-0.9965036511421204,-0.0014048985904082656,0.08353906869888306,0.0,-0.0014576843241229653,0.9999988079071045,-0.0005708795506507158,0.0,-0.08353815972805023,-0.0006906570633873343,-0.9965044856071472,0.0
1000,1000,185.3106231689453,-1146.95556640625,9.262518882751465,-463.39306640625,-0.9957073926925659,-0.00022557706688530743,0.09255519509315491,0.0,-0.00024134904379025102,1.0,-0.00015921327576506883,0.0,-0.09255515038967133,-0.00018086798081640154,-0.9957073926925659,0.0
1000,1000,185.85198974609375,-1146.9052734375,9.244245529174805,-463.4748229980469,-0.9947879314422607,-0.0012169815599918365,0.10195894539356232,0.0,-0.0010675329249352217,0.9999982714653015,0.0015203250804916024,0.0,-0.10196061432361603,0.001403556321747601,-0.9947875142097473,0.0
1000,1000,186.36386108398438,-1146.8470458984375,9.234025955200195,-463.5682067871094,-0.9938368201255798,-0.0017219517612829804,0.1108417958021164,0.0,-0.001481379265896976,0.9999963641166687,0.00225272960960865,0.0,-0.11084526777267456,0.002074646297842264,-0.9938358068466187,0.0
1000,1000,186.85440063476562,-1146.78173828125,9.23240852355957,-463.6712646484375,-0.9928513765335083,-0.0016649921890348196,0.11934646219015121,0.0,-0.0014252786058932543,0.9999967813491821,0.0020938795059919357,0.0,-0.11934956163167953,0.001908808946609497,-0.9928505420684814,0.0
1000,1000,187.35252380371094,-1146.7103271484375,9.235806465148926,-463.7835998535156,-0.9917768239974976,-0.0014139392878860235,0.12797369062900543,0.0,-0.0011985213495790958,0.9999977350234985,0.001760289422236383,0.0,-0.12797589600086212,0.001592434593476355,-0.9917762279510498,0.0
1000,1000,187.88748168945312,-1146.6337890625,9.240185737609863,-463.9054870605469,-0.9905385971069336,-0.001193832140415907,0.1372281014919281,0.0,-0.000979690346866846,0.9999982118606567,0.00162801006808877,0.0,-0.1372298002243042,0.0014781660865992308,-0.9905380010604858,0.0
1000,1000,188.47491455078125,-1146.55224609375,9.243098258972168,-464.03717041015625,-0.9890799522399902,-0.0011270849499851465,0.1473761647939682,0.0,-0.0008897283114492893,0.999998152256012,0.0016764620086178184,0.0,-0.14737777411937714,0.0015270301373675466,-0.9890791773796082,0.0
1000,1000,189.11383056640625,-1146.46533203125,9.243983268737793,-464.1785888671875,-0.9873752593994141,-0.0012011410435661674,0.15839602053165436,0.0,-0.0009341413388028741,0.9999979734420776,0.0017600880237296224,0.0,-0.15839780867099762,0.0015899025602266192,-0.9873744249343872,0.0
1000,1000,189.7932891845703,-1146.3724365234375,9.243463516235352,-464.32940673828125,-0.9854273796081543,-0.0013395061250776052,0.17009380459785461,0.0,-0.001049557700753212,0.9999978542327881,0.0017945434665307403,0.0,-0.17009583115577698,0.0015898683341220021,-0.985426664352417,0.0
1000,1000,190.5012664794922,-1146.2730712890625,9.24248218536377,-464.4892272949219,-0.9832497239112854,-0.0014643851900473237,0.18225689232349396,0.0,-0.0011596701806411147,0.9999977350234985,0.0017784590600058436,0.0,-0.18225909769535065,0.0015373117057606578,-0.9832492470741272,0.0
1000,1000,191.23153686523438,-1146.166748046875,9.241710662841797,-464.6576232910156,-0.9808471202850342,-0.0015460244612768292,0.19477418065071106,0.0,-0.0012302581453695893,0.9999977350234985,0.001742151565849781,0.0,-0.19477644562721252,0.001469161594286561,-0.9808467626571655,0.0
1000,1000,191.98590087890625,-1146.053466796875,9.241385459899902,-464.83416748046875,-0.978197455406189,-0.0015986382495611906,0.20767071843147278,0.0,-0.0012724357657134533,0.9999977946281433,0.0017043385887518525,0.0,-0.20767298340797424,0.001402932102791965,-0.9781972765922546,0.0
1000,1000,192.76873779296875,-1145.932861328125,9.241432189941406,-465.0184631347656,-0.9752684235572815,-0.0016485329251736403,0.22101616859436035,0.0,-0.001310847233980894,0.9999977350234985,0.001674541737884283,0.0,-0.22101843357086182,0.001343409763649106,-0.9752684235572815,0.0
1000,1000,193.58358764648438,-1145.8046875,9.2416410446167,-465.21014404296875,-0.9720267057418823,-0.0017049580346792936,0.23486332595348358,0.0,-0.0013544817920774221,0.9999977350234985,0.0016535634640604258,0.0,-0.23486562073230743,0.001289190026000142,-0.9720268249511719,0.0
1000,1000,194.43218994140625,-1145.6688232421875,9.241835594177246,-465.4088439941406,-0.9684422016143799,-0.0017730271210893989,0.24923355877399445,0.0,-0.00140964740421623,0.999997615814209,0.001636463450267911,0.0,-0.24923588335514069,0.0012334883213043213,-0.968442440032959,0.0
1000,1000,195.31192016601562,-1145.5247802734375,9.241937637329102,-465.6138000488281,-0.9645007848739624,-0.0018519771983847022,0.2640732526779175,0.0,-0.0014853294705972075,0.999997615814209,0.0015880872961133718,0.0,-0.2640755772590637,0.0011394757311791182,-0.9645012617111206,0.0
1000,1000,196.2166748046875,-1145.3724365234375,9.241943359375,-465.8236389160156,-0.9602107405662537,-0.00192329753190279,0.27927035093307495,0.0,-0.0015774553176015615,0.9999976754188538,0.001463112304918468,0.0,-0.27927249670028687,0.0009643594967201352,-0.9602115154266357,0.0
1000,1000,197.14242553710938,-1145.211669921875,9.241901397705078,-466.036865234375,-0.9555730223655701,-0.001971196150407195,0.29474759101867676,0.0,-0.001667871605604887,0.9999977946281433,0.0012804807629436255,0.0,-0.2947494387626648,0.0007319918368011713,-0.9555741548538208,0.0
1000,1000,198.0916748046875,-1145.0426025390625,9.24185848236084,-466.252685546875,-0.9505586624145508,-0.0019861264154314995,0.31053784489631653,0.0,-0.0017164056189358234,0.9999979138374329,0.001141817425377667,0.0,-0.31053945422172546,0.0005523558938875794,-0.9505600333213806,0.0
1000,1000,199.0692138671875,-1144.8651123046875,9.24183177947998,-466.4709777832031,-0.9451228380203247,-0.0019926470704376698,0.32671016454696655,0.0,-0.0017243638867512345,0.9999978542327881,0.0011107947211712599,0.0,-0.3267117142677307,0.00048647000221535563,-0.9451242685317993,0.0
1000,1000,200.07598876953125,-1144.67919921875,9.24182415008545,-466.6917724609375,-0.9392365217208862,-0.002005772665143013,0.34326592087745667,0.0,-0.0017170554492622614,0.9999978542327881,0.0011450247839093208,0.0,-0.3432674705982208,0.00048604211769998074,-0.9392379522323608,0.0
1000,1000,201.11097717285156,-1144.4847412109375,9.241830825805664,-466.9150390625,-0.93288254737854,-0.0020365531090646982,0.36017537117004395,0.0,-0.0017232077661901712,0.9999977946281433,0.001191082177683711,0.0,-0.3601769804954529,0.0004904826637357473,-0.9328840374946594,0.0
1000,1000,202.17349243164062,-1144.2816162109375,9.241844177246094,-467.1406555175781,-0.926042914390564,-0.0020800530910491943,0.37741202116012573,0.0,-0.001747422618791461,0.9999977350234985,0.0012237544870004058,0.0,-0.37741369009017944,0.00047375098802149296,-0.9260444641113281,0.0
1000,1000,203.26278686523438,-1144.0694580078125,9.241851806640625,-467.3684387207031,-0.9187006950378418,-0.002137319417670369,0.3949485421180725,0.0,-0.0017916562501341105,0.999997615814209,0.0012440058635547757,0.0,-0.394950270652771,0.00043525706860236824,-0.9187023639678955,0.0
1000,1000,204.37924194335938,-1143.8480224609375,9.24185562133789,-467.59814453125,-0.9108309745788574,-0.002203702460974455,0.41277411580085754,0.0,-0.001849577878601849,0.9999974966049194,0.0012574538122862577,0.0,-0.41277584433555603,0.0003818699042312801,-0.9108327627182007,0.0
1000,1000,205.522705078125,-1143.6170654296875,9.241853713989258,-467.8294982910156,-0.9024124145507812,-0.0022772217635065317,0.43086856603622437,0.0,-0.0019170318264514208,0.9999973177909851,0.0012701406376436353,0.0,-0.43087029457092285,0.00032020159414969385,-0.9024143815040588,0.0
1000,1000,206.69381713867188,-1143.3760986328125,9.241843223571777,-468.0621337890625,-0.8934169411659241,-0.0023577515967190266,0.4492224156856537,0.0,-0.0019933218136429787,0.9999971985816956,0.00128416926600039,0.0,-0.44922420382499695,0.00025185366393998265,-0.8934191465377808,0.0
1000,1000,207.89308166503906,-1143.1248779296875,9.241836547851562,-468.2957458496094,-0.8838191628456116,-0.0024362558033317327,0.46782270073890686,0.0,-0.0020693817641586065,0.9999970197677612,0.0012981196632608771,0.0,-0.4678244888782501,0.00017919926904141903,-0.8838215470314026,0.0
1000,1000,209.12107849121094,-1142.863037109375,9.241835594177246,-468.5299377441406,-0.8735898733139038,-0.0025124913081526756,0.4866563379764557,0.0,-0.002145849633961916,0.9999968409538269,0.0013107620179653168,0.0,-0.4866580665111542,0.00010077707702293992,-0.8735925555229187,0.0
1000,1000,210.37628173828125,-1142.59033203125,9.241835594177246,-468.7643127441406,-0.8627195358276367,-0.0025740577839314938,0.5056762099266052,0.0,-0.0022110859863460064,0.9999966621398926,0.0013180417008697987,0.0,-0.5056778788566589,1.900683855637908e-05,-0.8627223968505859,0.0
1000,1000,211.65444946289062,-1142.3067626953125,9.241838455200195,-468.9983825683594,-0.851224958896637,-0.002604300854727626,0.5247944593429565,0.0,-0.002252050908282399,0.9999966621398926,0.0013096363982185721,0.0,-0.5247961282730103,-6.70688459649682e-05,-0.8512279391288757,0.0
1000,1000,212.94253540039062,-1142.0130615234375,9.241841316223145,-469.2315673828125,-0.8392128348350525,-0.0025353136006742716,0.5437971949577332,0.0,-0.0022109930869191885,0.9999967813491821,0.0012501201126724482,0.0,-0.5437986254692078,-0.00015321484534069896,-0.8392156958580017,0.0
1000,1000,214.23260498046875,-1141.7098388671875,9.241839408874512,-469.4631042480469,-0.826757550239563,-0.0024123559705913067,0.5625537037849426,0.0,-0.0021403664723038673,0.9999970197677612,0.0011426204582676291,0.0,-0.5625547766685486,-0.0002594010147731751,-0.8267602920532227,0.0
1000,1000,215.51844787597656,-1141.398193359375,9.241835594177246,-469.6918640136719,-0.813925564289093,-0.002255158731713891,0.5809648036956787,0.0,-0.0020734721329063177,0.9999973773956299,0.0009768251329660416,0.0,-0.580965518951416,-0.00040955128497444093,-0.8139280676841736,0.0
1000,1000,216.79861450195312,-1141.0792236328125,9.241841316223145,-469.916748046875,-0.8007434606552124,-0.0020880908705294132,0.5990040898323059,0.0,-0.00202349666506052,0.9999976754188538,0.000780937378294766,0.0,-0.599004328250885,-0.0005867523141205311,-0.8007457852363586,0.0
1000,1000,218.0738983154297,-1140.753662109375,9.24184799194336,-470.13671875,-0.7872140407562256,-0.001938488450832665,0.6166774034500122,0.0,-0.001995059195905924,0.9999978542327881,0.0005966595490463078,0.0,-0.6166771650314331,-0.0007606088765896857,-0.7872161865234375,0.0
1000,1000,219.34536743164062,-1140.42236328125,9.241853713989258,-470.3509216308594,-0.7733364701271057,-0.0018046635668724775,0.6339935064315796,0.0,-0.001971941441297531,0.9999979138374329,0.0004411498084664345,0.0,-0.6339930295944214,-0.0009090409148484468,-0.7733384370803833,0.0
1000,1000,220.61370849609375,-1140.0860595703125,9.24185562133789,-470.5586853027344,-0.7591137290000916,-0.0016955110477283597,0.6509559750556946,0.0,-0.001958440290763974,0.9999980330467224,0.0003208035777788609,0.0,-0.6509552597999573,-0.0010313320672139525,-0.7591155767440796,0.0
1000,1000,221.87881469726562,-1139.7452392578125,9.241853713989258,-470.75946044921875,-0.7445567846298218,-0.0016045114025473595,0.667557418346405,0.0,-0.001948608085513115,0.9999980926513672,0.0002301812928635627,0.0,-0.6675564646720886,-0.0011294246651232243,-0.7445584535598755,0.0
1000,1000,223.14059448242188,-1139.400390625,9.24185562133789,-470.952880859375,-0.7296763062477112,-0.0015243629459291697,0.683790922164917,0.0,-0.0019385400228202343,0.9999980926513672,0.00016065314412117004,0.0,-0.683789849281311,-0.0012083313195034862,-0.7296778559684753,0.0
1000,1000,224.3987274169922,-1139.0518798828125,9.24185562133789,-471.13861083984375,-0.7144867777824402,-0.0014562481082975864,0.6996475458145142,0.0,-0.0019308223854750395,0.999998152256012,0.0001096243504434824,0.0,-0.6996463537216187,-0.001272569876164198,-0.7144882678985596,0.0
1000,1000,225.65310668945312,-1138.7000732421875,9.241854667663574,-471.31646728515625,-0.6989994049072266,-0.001394056249409914,0.715120792388916,0.0,-0.0019200965762138367,0.999998152256012,7.258524419739842e-05,0.0,-0.7151196002960205,-0.001322363968938589,-0.6990007758140564,0.0
1000,1000,226.9034423828125,-1138.3453369140625,9.241852760314941,-471.486328125,-0.6832284927368164,-0.0013378437142819166,0.7302034497261047,0.0,-0.0019089116249233484,0.9999982118606567,4.603975685313344e-05,0.0,-0.7302021384239197,-0.0013624383136630058,-0.6832298040390015,0.0
1000,1000,228.1499481201172,-1137.9879150390625,9.241852760314941,-471.6480712890625,-0.6671822667121887,-0.0012889588251709938,0.744893491268158,0.0,-0.0019006039947271347,0.999998152256012,2.806767588481307e-05,0.0,-0.7448921799659729,-0.001397021347656846,-0.667183518409729,0.0
1000,1000,229.39236450195312,-1137.6279296875,9.241853713989258,-471.8016357421875,-0.6508741974830627,-0.001241895486600697,0.7591845393180847,0.0,-0.0018895819084718823,0.9999982118606567,1.5823810826987028e-05,0.0,-0.7591832280158997,-0.0014242420438677073,-0.6508753895759583,0.0
1000,1000,230.6305389404297,-1137.2657470703125,9.24185562133789,-471.9469909667969,-0.6343175768852234,-0.0011960652191191912,0.7730719447135925,0.0,-0.001877564238384366,0.9999982714653015,6.586138624697924e-06,0.0,-0.7730706334114075,-0.0014473143965005875,-0.6343187093734741,0.0
1000,1000,231.8644561767578,-1136.901611328125,9.241857528686523,-472.0840759277344,-0.6175228357315063,-0.0011507092276588082,0.7865520715713501,0.0,-0.0018645570380613208,0.9999982118606567,-8.890056051313877e-07,0.0,-0.786550760269165,-0.0014671203680336475,-0.6175239086151123,0.0
1000,1000,233.09454345703125,-1136.5357666015625,9.24185848236084,-472.2129211425781,-0.6004955768585205,-0.001111110090278089,0.7996274828910828,0.0,-0.0018553516129031777,0.9999982714653015,-3.779190592467785e-06,0.0,-0.7996260523796082,-0.0014858593931421638,-0.6004965901374817,0.0
1000,1000,234.32070922851562,-1136.1683349609375,9.241857528686523,-472.3335266113281,-0.5832465887069702,-0.001071958220563829,0.8122941851615906,0.0,-0.0018456532852724195,0.9999982714653015,-5.55836595594883e-06,0.0,-0.812292754650116,-0.0015024554450064898,-0.5832476019859314,0.0
1000,1000,235.5429229736328,-1135.799560546875,9.241854667663574,-472.44586181640625,-0.565787672996521,-0.0010362693574279547,0.8245503306388855,0.0,-0.0018398279789835215,0.9999983310699463,-5.681125912815332e-06,0.0,-0.8245489001274109,-0.0015202451031655073,-0.5657886266708374,0.0
1000,1000,236.76129150390625,-1135.4295654296875,9.241852760314941,-472.5499572753906,-0.5481275320053101,-0.000999545562081039,0.8363942503929138,0.0,-0.0018319623777642846,0.9999983310699463,-5.505804438143969e-06,0.0,-0.8363928198814392,-0.001535260584205389,-0.5481284856796265,0.0
1000,1000,237.97442626953125,-1135.0587158203125,9.241850852966309,-472.6457214355469,-0.5302969813346863,-0.0009509575902484357,0.8478115797042847,0.0,-0.001823584781959653,0.9999983310699463,-1.8972728867083788e-05,0.0,-0.8478101491928101,-0.001556117320433259,-0.5302978157997131,0.0
1000,1000,239.18276977539062,-1134.6871337890625,9.241851806640625,-472.7331237792969,-0.5123003125190735,-0.0009001924190670252,0.8588058948516846,0.0,-0.0018184066284447908,0.9999983906745911,-3.6538345739245415e-05,0.0,-0.85880446434021,-0.0015803768765181303,-0.5123010873794556,0.0
1000,1000,240.38711547851562,-1134.315185546875,9.241856575012207,-472.8121643066406,-0.49413666129112244,-0.0008529664482921362,0.8693839907646179,0.0,-0.0018140529282391071,0.9999983310699463,-4.9948866944760084e-05,0.0,-0.8693825602531433,-0.001601790077984333,-0.49413740634918213,0.0
1000,1000,241.58810424804688,-1133.9429931640625,9.24185848236084,-472.8828125,-0.47580623626708984,-0.0008107929606921971,0.8795498013496399,0.0,-0.0018098249565809965,0.9999983310699463,-5.722721107304096e-05,0.0,-0.8795483708381653,-0.001619060174562037,-0.47580695152282715,0.0
1000,1000,242.785400390625,-1133.57080078125,9.241856575012207,-472.9450988769531,-0.4573240280151367,-0.0007698751287534833,0.8892998695373535,0.0,-0.0018029335187748075,0.9999983906745911,-6.145390216261148e-05,0.0,-0.8892983198165894,-0.0016314528184011579,-0.45732468366622925,0.0
1000,1000,243.97889709472656,-1133.1988525390625,9.241854667663574,-472.9990539550781,-0.43870165944099426,-0.000727916369214654,0.8986325860023499,0.0,-0.0017913919873535633,0.9999983906745911,-6.451050285249949e-05,0.0,-0.8986310362815857,-0.0016381039749830961,-0.4387022852897644,0.0
1000,1000,245.1684112548828,-1132.8272705078125,9.241854667663574,-473.0447692871094,-0.41995182633399963,-0.0006863488233648241,0.9075461030006409,0.0,-0.0017798291519284248,0.9999983906745911,-6.73186732456088e-05,0.0,-0.9075446724891663,-0.0016435477882623672,-0.419952392578125,0.0
1000,1000,246.35565185546875,-1132.456298828125,9.241852760314941,-473.082275390625,-0.40105754137039185,-0.0006556760636158288,0.9160526394844055,0.0,-0.0017759024631232023,0.9999983906745911,-6.174750160425901e-05,0.0,-0.9160512089729309,-0.0016515844035893679,-0.4010580778121948,0.0
1000,1000,247.54246520996094,-1132.0858154296875,9.241852760314941,-473.11163330078125,-0.38199812173843384,-0.000641048711258918,0.9241629838943481,0.0,-0.0017793537117540836,0.9999983906745911,-4.1834486182779074e-05,0.0,-0.924161434173584,-0.0016603933181613684,-0.3819986581802368,0.0
1000,1000,248.72979736328125,-1131.7158203125,9.241854667663574,-473.1329040527344,-0.3627660572528839,-0.0006336200749501586,0.9318802356719971,0.0,-0.0017836176557466388,0.9999983906745911,-1.4397373888641596e-05,0.0,-0.9318786859512329,-0.0016673407517373562,-0.3627666234970093,0.0
1000,1000,249.91810607910156,-1131.34619140625,9.241857528686523,-473.1461486816406,-0.34336236119270325,-0.0006294986233115196,0.9392029643058777,0.0,-0.0017911416944116354,0.9999983906745911,1.5424913726747036e-05,0.0,-0.9392014145851135,-0.0016769490903243423,-0.3433629274368286,0.0
1000,1000,251.1078643798828,-1130.97705078125,9.241857528686523,-473.1513977050781,-0.3237868845462799,-0.0006244077812880278,0.9461299180984497,0.0,-0.0017993624787777662,0.9999983310699463,4.4176762457937e-05,0.0,-0.9461283683776855,-0.0016881267074495554,-0.32378751039505005,0.0
1000,1000,252.29922485351562,-1130.6082763671875,9.241860389709473,-473.148681640625,-0.3040452301502228,-0.0006202819058671594,0.9526575207710266,0.0,-0.0018080404261127114,0.9999983310699463,7.406127406284213e-05,0.0,-0.9526559710502625,-0.0016999251674860716,-0.3040458559989929,0.0
1000,1000,253.49273681640625,-1130.23974609375,9.241859436035156,-473.1380310058594,-0.2841363251209259,-0.0006149662658572197,0.9587838053703308,0.0,-0.001818354008719325,0.9999983906745911,0.00010253093205392361,0.0,-0.9587822556495667,-0.0017142754513770342,-0.28413695096969604,0.0
1000,1000,254.6891326904297,-1129.87158203125,9.241857528686523,-473.11944580078125,-0.2640552818775177,-0.0006086492794565856,0.9645072817802429,0.0,-0.0018302674870938063,0.9999982714653015,0.00012996932491660118,0.0,-0.9645057320594788,-0.001730987336486578,-0.2640559673309326,0.0
1000,1000,255.88905334472656,-1129.503662109375,9.241856575012207,-473.09295654296875,-0.24379971623420715,-0.0006025107577443123,0.9698255658149719,0.0,-0.0018431381322443485,0.9999982714653015,0.00015791854821145535,0.0,-0.9698240160942078,-0.0017490218160673976,-0.24380040168762207,0.0
1000,1000,257.0930480957031,-1129.135986328125,9.241854667663574,-473.0585021972656,-0.22336772084236145,-0.0005956473178230226,0.9747341871261597,0.0,-0.00185851426795125,0.9999982118606567,0.0001851934939622879,0.0,-0.9747326374053955,-0.001770191127434373,-0.22336846590042114,0.0
1000,1000,258.3018798828125,-1128.7685546875,9.241851806640625,-473.0160827636719,-0.2027544230222702,-0.0005893053603358567,0.9792295098304749,0.0,-0.001877188216894865,0.9999982118606567,0.0002131229266524315,0.0,-0.9792278409004211,-0.0017949864268302917,-0.2027551531791687,0.0
1000,1000,259.51611328125,-1128.4013671875,9.241852760314941,-472.96563720703125,-0.18195824325084686,-0.0005821587983518839,0.9833062291145325,0.0,-0.0018961371388286352,0.999998152256012,0.00024116621352732182,0.0,-0.9833045601844788,-0.0018206010572612286,-0.18195903301239014,0.0
1000,1000,260.7362976074219,-1128.034423828125,9.241854667663574,-472.9071044921875,-0.16097766160964966,-0.0005743339424952865,0.9869579672813416,0.0,-0.0019176554633304477,0.999998152256012,0.0002691437257453799,0.0,-0.9869562983512878,-0.0018493192037567496,-0.16097843647003174,0.0
1000,1000,261.963134765625,-1127.6676025390625,9.241852760314941,-472.84039306640625,-0.13980920612812042,-0.0005655177519656718,0.9901784062385559,0.0,-0.0019412937108427286,0.9999980926513672,0.0002970233908854425,0.0,-0.9901766180992126,-0.00188070023432374,-0.13981002569198608,0.0
1000,1000,263.19720458984375,-1127.3009033203125,9.241853713989258,-472.76544189453125,-0.1184518039226532,-0.0005545036983676255,0.9929596185684204,0.0,-0.001964886672794819,0.9999980330467224,0.00032403948716819286,0.0,-0.9929578304290771,-0.0019126699771732092,-0.11845266819000244,0.0
1000,1000,264.43914794921875,-1126.934326171875,9.24185562133789,-472.6821594238281,-0.09690187871456146,-0.0005428363219834864,0.9952938556671143,0.0,-0.0019904812797904015,0.9999979138374329,0.0003516087308526039,0.0,-0.995292067527771,-0.001947042066603899,-0.09690278768539429,0.0
1000,1000,265.68994140625,-1126.5679931640625,9.241852760314941,-472.5904235839844,-0.07515311986207962,-0.0005286596133373678,0.997171938419342,0.0,-0.0020205930341035128,0.9999979138374329,0.00037787354085594416,0.0,-0.9971700310707092,-0.0019864803180098534,-0.07515400648117065,0.0
1000,1000,266.95013427734375,-1126.2017822265625,9.241851806640625,-472.4901123046875,-0.05320420861244202,-0.0005141188739798963,0.9985836148262024,0.0,-0.0020523385610431433,0.9999978542327881,0.0004054993041791022,0.0,-0.99858158826828,-0.0020278573501855135,-0.053205132484436035,0.0
1000,1000,268.2202453613281,-1125.8358154296875,9.241853713989258,-472.3810729980469,-0.03105645813047886,-0.0004979707882739604,0.999517560005188,0.0,-0.0020855937618762255,0.9999977350234985,0.0004334076656959951,0.0,-0.9995155334472656,-0.0020711272954940796,-0.031057417392730713,0.0
1000,1000,269.4986572265625,-1125.47021484375,9.241849899291992,-472.2632141113281,-0.008748983033001423,-0.0004626637091860175,0.9999617338180542,0.0,-0.002116311341524124,0.999997615814209,0.0004441644996404648,0.0,-0.9999595880508423,-0.0021123443730175495,-0.008749961853027344,0.0
1000,1000,270.78399658203125,-1125.1053466796875,9.24184513092041,-472.1363830566406,0.013683764263987541,-0.000403678510338068,0.9999063014984131,0.0,-0.0021444386802613735,0.9999975562095642,0.00043306208681315184,0.0,-0.9999040365219116,-0.002150163520127535,0.013682842254638672,0.0
1000,1000,272.07562255859375,-1124.7415771484375,9.241847038269043,-472.0005187988281,0.03621913865208626,-0.00033174583222717047,0.9993438124656677,0.0,-0.0021697068586945534,0.9999975562095642,0.0004105994594283402,0.0,-0.9993415474891663,-0.0021831549238413572,0.036218345165252686,0.0
1000,1000,273.3734130859375,-1124.3792724609375,9.241847038269043,-471.8555908203125,0.05884362757205963,-0.0002565516042523086,0.9982672333717346,0.0,-0.0021880774293094873,0.9999974966049194,0.00038597435923293233,0.0,-0.9982648491859436,-0.0022069981787353754,0.05884289741516113,0.0
1000,1000,274.6773986816406,-1124.0186767578125,9.241847038269043,-471.7015686035156,0.08154614269733429,-0.00018605869263410568,0.9966694712638855,0.0,-0.0022024111822247505,0.9999974966049194,0.000366878230124712,0.0,-0.9966670870780945,-0.002224993659183383,0.08154553174972534,0.0
1000,1000,275.9879150390625,-1123.6602783203125,9.241847038269043,-471.5384521484375,0.10431905090808868,-0.000118279829621315,0.9945439100265503,0.0,-0.0022160769440233707,0.9999974370002747,0.0003513757837936282,0.0,-0.9945414066314697,-0.0022406410425901413,0.10431849956512451,0.0
1000,1000,277.30511474609375,-1123.3043212890625,9.241844177246094,-471.36627197265625,0.12715372443199158,-5.288620013743639e-05,0.9918830394744873,0.0,-0.0022287662141025066,0.9999974370002747,0.00033903407165780663,0.0,-0.9918805360794067,-0.002253785030916333,0.12715327739715576,0.0
1000,1000,278.6286926269531,-1122.9510498046875,9.241847038269043,-471.1850280761719,0.15003088116645813,9.178882464766502e-06,0.9886813163757324,0.0,-0.0022401681635528803,0.9999974370002747,0.0003306581638753414,0.0,-0.9886788129806519,-0.002264421433210373,0.1500304937362671,0.0
1000,1000,279.9584655761719,-1122.6007080078125,9.241846084594727,-470.9947509765625,0.1729346364736557,7.145211566239595e-05,0.9849333167076111,0.0,-0.0022517237812280655,0.9999974370002747,0.0003228129353374243,0.0,-0.984930694103241,-0.002273623365908861,0.17293435335159302,0.0
1000,1000,281.2942810058594,-1122.253662109375,9.241846084594727,-470.7955017089844,0.19584856927394867,0.00013397447764873505,0.9806341528892517,0.0,-0.0022637147922068834,0.9999973773956299,0.0003154806327074766,0.0,-0.9806315302848816,-0.0022816623095422983,0.19584834575653076,0.0
1000,1000,282.6361389160156,-1121.91015625,9.241841316223145,-470.5872802734375,0.21875900030136108,0.0001989200245589018,0.9757788777351379,0.0,-0.0022773235104978085,0.9999973773956299,0.0003066940698772669,0.0,-0.9757762551307678,-0.002289256313815713,0.21875888109207153,0.0
1000,1000,283.98394775390625,-1121.5704345703125,9.241841316223145,-470.3701477050781,0.2416502833366394,0.00026015378534793854,0.970363438129425,0.0,-0.002289924304932356,0.9999973177909851,0.00030216306913644075,0.0,-0.9703608155250549,-0.0022950763814151287,0.24165022373199463,0.0
1000,1000,285.337646484375,-1121.2347412109375,9.241843223571777,-470.1441650390625,0.26450681686401367,0.0003199382917955518,0.9643837213516235,0.0,-0.0023009092546999454,0.9999973177909851,0.0002993297530338168,0.0,-0.9643809795379639,-0.0022981343790888786,0.26450687646865845,0.0
1000,1000,286.697021484375,-1120.9034423828125,9.241841316223145,-469.90936279296875,0.28731080889701843,0.00038274878170341253,0.9578373432159424,0.0,-0.00231459503993392,0.9999972581863403,0.0002946852473542094,0.0,-0.9578346014022827,-0.0023016720078885555,0.2873108983039856,0.0
1000,1000,288.0606994628906,-1120.57666015625,9.241842269897461,-469.6658935546875,0.3100241720676422,0.0004425190854817629,0.9507284760475159,0.0,-0.002314857207238674,0.9999973177909851,0.0002894030185416341,0.0,-0.9507257342338562,-0.0022905226796865463,0.3100243806838989,0.0
1000,1000,289.42279052734375,-1120.2547607421875,9.241846084594727,-469.4141845703125,0.33253592252731323,0.0004980321391485631,0.9430904984474182,0.0,-0.002271575853228569,0.9999973773956299,0.0002728792605921626,0.0,-0.9430878758430481,-0.0022330437786877155,0.33253616094589233,0.0
1000,1000,290.7796325683594,-1119.93798828125,9.24184799194336,-469.1547546386719,0.35477450489997864,0.0005536791868507862,0.9349517822265625,0.0,-0.002204886171966791,0.9999974966049194,0.00024446158204227686,0.0,-0.9349493980407715,-0.0021481909789144993,0.3547748327255249,0.0
1000,1000,292.13037109375,-1119.6265869140625,9.241842269897461,-468.8880615234375,0.37671512365341187,0.0006117839366197586,0.9263288378715515,0.0,-0.0021414977964013815,0.9999976754188538,0.00021045649191364646,0.0,-0.92632657289505,-0.0020630136132240295,0.3767155408859253,0.0
1000,1000,293.47515869140625,-1119.3209228515625,9.241844177246094,-468.614501953125,0.3983507752418518,0.0006723056430928409,0.9172329306602478,0.0,-0.002093586605042219,0.9999977946281433,0.00017626688349992037,0.0,-0.9172307848930359,-0.001990522723644972,0.3983513116836548,0.0
1000,1000,294.8145751953125,-1119.0213623046875,9.241841316223145,-468.3344421386719,0.41968268156051636,0.0007355906418524683,0.9076706767082214,0.0,-0.0020613395608961582,0.9999978542327881,0.00014269445091485977,0.0,-0.9076686501502991,-0.0019309036433696747,0.4196832776069641,0.0
1000,1000,296.1487121582031,-1118.7281494140625,9.241840362548828,-468.04815673828125,0.4407018721103668,0.0007979627698659897,0.8976531028747559,0.0,-0.00204002414830029,0.9999979138374329,0.00011260627070441842,0.0,-0.897651195526123,-0.0018808599561452866,0.44070255756378174,0.0
1000,1000,297.4776611328125,-1118.4415283203125,9.24184513092041,-467.75592041015625,0.4614020586013794,0.0008576546679250896,0.8871907591819763,0.0,-0.0020261912140995264,0.9999979138374329,8.705671643838286e-05,0.0,-0.8871888518333435,-0.0018377862870693207,0.4614028334617615,0.0
1000,1000,298.80126953125,-1118.1617431640625,9.241850852966309,-467.4579772949219,0.48177197575569153,0.0009132503182627261,0.8762961030006409,0.0,-0.002015917096287012,0.9999979734420776,6.614642916247249e-05,0.0,-0.8762943148612976,-0.0017984078731387854,0.48177284002304077,0.0
1000,1000,300.119873046875,-1117.8890380859375,9.24185848236084,-467.154541015625,0.5018097758293152,0.0009657549089752138,0.8649775385856628,0.0,-0.002010050695389509,0.9999979734420776,4.960852675139904e-05,0.0,-0.8649757504463196,-0.0017635426484048367,0.5018106698989868,0.0
1000,1000,301.4328918457031,-1117.62353515625,9.24185848236084,-466.8458557128906,0.5214988589286804,0.0010141066741198301,0.8532514572143555,0.0,-0.0020034080371260643,0.9999979734420776,3.594520967453718e-05,0.0,-0.8532496690750122,-0.001728155999444425,0.521499752998352,0.0
1000,1000,302.740478515625,-1117.365478515625,9.241851806640625,-466.5321350097656,0.5408338308334351,0.00106262625195086,0.8411287665367126,0.0,-0.001999428728595376,0.9999979734420776,2.2272986825555563e-05,0.0,-0.8411270976066589,-0.001693823141977191,0.540834903717041,0.0
1000,1000,304.0426330566406,-1117.114990234375,9.241848945617676,-466.2135925292969,0.5598084926605225,0.0011049355380237103,0.8286213278770447,0.0,-0.001992509001865983,0.9999979734420776,1.265981700271368e-05,0.0,-0.828619658946991,-0.0016581225208938122,0.5598095655441284,0.0
1000,1000,305.3398132324219,-1116.8721923828125,9.241844177246094,-465.8904113769531,0.5784234404563904,0.0011416750494390726,0.8157358765602112,0.0,-0.0019847096409648657,0.9999980330467224,7.7594886533916e-06,0.0,-0.8157342076301575,-0.0016234871000051498,0.5784245729446411,0.0
1000,1000,306.63177490234375,-1116.6370849609375,9.241841316223145,-465.5628662109375,0.5966687202453613,0.0011755286250263453,0.802486777305603,0.0,-0.001974571729078889,0.9999980330467224,3.2883835956454277e-06,0.0,-0.8024852275848389,-0.0015865297755226493,0.5966698527336121,0.0
1000,1000,307.91851806640625,-1116.409912109375,9.241846084594727,-465.23114013671875,0.6145391464233398,0.001206166809424758,0.7888854146003723,0.0,-0.0019645439460873604,0.9999980926513672,1.4255638234317303e-06,0.0,-0.7888838648796082,-0.0015506763011217117,0.6145403385162354,0.0
1000,1000,309.20013427734375,-1116.190673828125,9.241852760314941,-464.89544677734375,0.6320301294326782,0.0012353023048490286,0.7749427556991577,0.0,-0.0019524898380041122,0.9999980926513672,-1.6360427252948284e-06,0.0,-0.7749413251876831,-0.00151203409768641,0.6320313215255737,0.0
1000,1000,310.4766540527344,-1115.9793701171875,9.24185562133789,-464.5559997558594,0.649137020111084,0.0012639694614335895,0.7606704235076904,0.0,-0.001942131551913917,0.999998152256012,-4.282454028725624e-06,0.0,-0.7606689929962158,-0.0014745421940460801,0.6491382718086243,0.0
1000,1000,311.74810791015625,-1115.7760009765625,9.241850852966309,-464.2130432128906,0.6658557057380676,0.0012908739736303687,0.7460794448852539,0.0,-0.001933189225383103,0.999998152256012,-4.887464456260204e-06,0.0,-0.7460780143737793,-0.001439058338291943,0.6658569574356079,0.0
1000,1000,313.0146484375,-1115.580810546875,9.241851806640625,-463.8667297363281,0.6821838617324829,0.001316634938120842,0.7311794757843018,0.0,-0.0019236542284488678,0.999998152256012,-5.944690201431513e-06,0.0,-0.7311781644821167,-0.0014024809934198856,0.682185173034668,0.0
1000,1000,314.2764892578125,-1115.3936767578125,9.241856575012207,-463.5173034667969,0.6981202363967896,0.001338553731329739,0.715979278087616,0.0,-0.0019120977958664298,0.999998152256012,-5.135778337717056e-06,0.0,-0.7159779667854309,-0.001365436939522624,0.6981215476989746,0.0
1000,1000,315.53350830078125,-1115.2147216796875,9.241857528686523,-463.1649475097656,0.7136587500572205,0.0013633735943585634,0.7004922032356262,0.0,-0.0019036394078284502,0.9999982118606567,-6.884103640913963e-06,0.0,-0.7004908919334412,-0.0013285716995596886,0.7136600613594055,0.0
1000,1000,316.7857666015625,-1115.0439453125,9.241857528686523,-462.80987548828125,0.7287973761558533,0.0013863813364878297,0.6847280263900757,0.0,-0.0018955146661028266,0.9999982118606567,-7.20401294529438e-06,0.0,-0.6847268342971802,-0.001292661763727665,0.7287986874580383,0.0
1000,1000,318.03369140625,-1114.88134765625,9.241863250732422,-462.4522705078125,0.7435368299484253,0.0014053828781470656,0.6686936020851135,0.0,-0.0018846463644877076,0.9999982118606567,-6.0960883274674416e-06,0.0,-0.668692409992218,-0.00125571817625314,0.7435381412506104,0.0
1000,1000,319.27734375,-1114.72705078125,9.241864204406738,-462.0923156738281,0.7578750848770142,0.001426646951586008,0.6523981690406799,0.0,-0.0018763120751827955,0.9999982118606567,-7.1034301072359085e-06,0.0,-0.6523969769477844,-0.0012187189422547817,0.7578763961791992,0.0
1000,1000,320.5168151855469,-1114.5809326171875,9.241856575012207,-461.7302551269531,0.7718098163604736,0.001446565962396562,0.6358518600463867,0.0,-0.001867747982032597,0.9999982714653015,-7.890572305768728e-06,0.0,-0.6358507871627808,-0.0011815207544714212,0.7718111872673035,0.0
1000,1000,321.7518310546875,-1114.4429931640625,9.241844177246094,-461.3662414550781,0.7853351831436157,0.0014666953356936574,0.6190690994262695,0.0,-0.001860982389189303,0.9999982714653015,-8.39639687910676e-06,0.0,-0.6190680265426636,-0.001145482761785388,0.7853365540504456,0.0
1000,1000,322.9825134277344,-1114.3133544921875,9.241841316223145,-461.0004577636719,0.7984504699707031,0.0014853442553430796,0.6020587682723999,0.0,-0.0018541542813181877,0.9999982714653015,-8.124567102640867e-06,0.0,-0.602057695388794,-0.001109822653234005,0.7984517812728882,0.0
1000,1000,324.20916748046875,-1114.1920166015625,9.241843223571777,-460.63311767578125,0.8111559748649597,0.0015015641693025827,0.5848279595375061,0.0,-0.0018458070699125528,0.9999982714653015,-7.393769919872284e-06,0.0,-0.5848270058631897,-0.0010734820971265435,0.8111573457717896,0.0
1000,1000,325.4317932128906,-1114.0789794921875,9.241847038269043,-460.2643737792969,0.8234500885009766,0.0015159802278503776,0.5673867464065552,0.0,-0.0018366515869274735,0.9999983310699463,-6.321468390524387e-06,0.0,-0.5673857927322388,-0.0010368861258029938,0.8234515190124512,0.0
1000,1000,326.65045166015625,-1113.97412109375,9.241848945617676,-459.8944396972656,0.8353310227394104,0.0015315089840441942,0.5497452020645142,0.0,-0.001829270040616393,0.9999983310699463,-6.2944600358605385e-06,0.0,-0.5497442483901978,-0.001000374206341803,0.835332453250885,0.0
1000,1000,327.8641052246094,-1113.8775634765625,9.241860389709473,-459.5235900878906,0.8467874526977539,0.0015521738678216934,0.5319291353225708,0.0,-0.0018214124720543623,0.9999983310699463,-1.8464750610291958e-05,0.0,-0.531928300857544,-0.0009532265248708427,0.8467888832092285,0.0
1000,1000,329.072998046875,-1113.7894287109375,9.241873741149902,-459.152099609375,0.8578214645385742,0.001576242852024734,0.5139454007148743,0.0,-0.0018162868218496442,0.9999983310699463,-3.5393459256738424e-05,0.0,-0.5139445662498474,-0.0009031108347699046,0.8578228950500488,0.0
1000,1000,330.27789306640625,-1113.7095947265625,9.241875648498535,-458.7801818847656,0.8684388399124146,0.0015987500082701445,0.4957936406135559,0.0,-0.001813292969018221,0.9999983906745911,-4.843398346565664e-05,0.0,-0.4957929253578186,-0.0008569573983550072,0.8684403896331787,0.0
1000,1000,331.479248046875,-1113.63818359375,9.241864204406738,-458.40802001953125,0.8786427974700928,0.0016175739001482725,0.4774770438671112,0.0,-0.0018104894552379847,0.9999983906745911,-5.6123739341273904e-05,0.0,-0.4774763286113739,-0.0008151544025167823,0.8786442279815674,0.0
1000,1000,332.67681884765625,-1113.5750732421875,9.241859436035156,-458.0358581542969,0.888430118560791,0.0016285256715491414,0.45900899171829224,0.0,-0.0018019721610471606,0.9999983906745911,-6.0121965361759067e-05,0.0,-0.4590083360671997,-0.0007737071719020605,0.8884316682815552,0.0
1000,1000,333.87060546875,-1113.5203857421875,9.241859436035156,-457.66387939453125,0.8978003859519958,0.0016398867592215538,0.4403996169567108,0.0,-0.001794896787032485,0.9999983906745911,-6.454371032305062e-05,0.0,-0.44039902091026306,-0.0007325245533138514,0.8978018760681152,0.0
1000,1000,335.06036376953125,-1113.473876953125,9.24185848236084,-457.29229736328125,0.9067510366439819,0.0016435867873951793,0.42166316509246826,0.0,-0.0017817638581618667,0.9999983906745911,-6.632765871472657e-05,0.0,-0.4216626286506653,-0.0006911614909768105,0.9067525267601013,0.0
1000,1000,336.24755859375,-1113.4356689453125,9.241860389709473,-456.92120361328125,0.9152927994728088,0.001650754944421351,0.4027857482433319,0.0,-0.0017760071204975247,0.9999983906745911,-6.25288812443614e-05,0.0,-0.40278521180152893,-0.0006581180496141315,0.9152942895889282,0.0
1000,1000,337.4342041015625,-1113.405517578125,9.241859436035156,-456.5506286621094,0.9234380722045898,0.0016562549863010645,0.38374391198158264,0.0,-0.0017756540328264236,0.9999983906745911,-4.311706288717687e-05,0.0,-0.38374337553977966,-0.0006415803218260407,0.9234395623207092,0.0
1000,1000,338.62139892578125,-1113.383544921875,9.241859436035156,-456.1805419921875,0.9311904311180115,0.0016668805619701743,0.3645293712615967,0.0,-0.0017830770229920745,0.9999983906745911,-1.7813988961279392e-05,0.0,-0.3645288348197937,-0.0006333955097943544,0.9311919212341309,0.0
1000,1000,339.8095397949219,-1113.3695068359375,9.241854667663574,-455.8108825683594,0.9385489821434021,0.0016768407076597214,0.34514206647872925,0.0,-0.0017909256275743246,0.9999983906745911,1.1686293873935938e-05,0.0,-0.3451414704322815,-0.0006290918681770563,0.9385504722595215,0.0
1000,1000,340.9989013671875,-1113.363525390625,9.241848945617676,-455.441650390625,0.9455109238624573,0.0016883066855370998,0.3255859911441803,0.0,-0.0017996656242758036,0.9999983906745911,4.084830288775265e-05,0.0,-0.32558539509773254,-0.0006245684344321489,0.9455124139785767,0.0
1000,1000,342.18994140625,-1113.365478515625,9.241847038269043,-455.0727844238281,0.9520742297172546,0.0016999124782159925,0.30586233735084534,0.0,-0.0018078488064929843,0.9999983906745911,6.962817860767245e-05,0.0,-0.3058617413043976,-0.0006192440632730722,0.952075719833374,0.0
1000,1000,343.3833923339844,-1113.3753662109375,9.241847038269043,-454.70428466796875,0.9582382440567017,0.0017144512385129929,0.2859659492969513,0.0,-0.0018186173401772976,0.9999983310699463,9.868392953649163e-05,0.0,-0.28596529364585876,-0.0006146252853795886,0.9582397937774658,0.0
1000,1000,344.57952880859375,-1113.3931884765625,9.241849899291992,-454.3360900878906,0.9639989733695984,0.001729641924612224,0.26590031385421753,0.0,-0.001829273416660726,0.9999983310699463,0.00012703478569164872,0.0,-0.265899658203125,-0.0006088657537475228,0.9640005230903625,0.0
1000,1000,345.77880859375,-1113.4189453125,9.241854667663574,-453.9681701660156,0.9693529605865479,0.001751542673446238,0.2456657439470291,0.0,-0.0018461568979546428,0.9999982714653015,0.00015483643801417202,0.0,-0.2456650584936142,-0.0006036286940798163,0.9693545699119568,0.0
1000,1000,346.9823913574219,-1113.45263671875,9.241856575012207,-453.60052490234375,0.9742993116378784,0.0017711652908474207,0.22525036334991455,0.0,-0.0018602351192384958,0.9999982714653015,0.00018319035007152706,0.0,-0.22524964809417725,-0.0005975008825771511,0.9743009209632874,0.0
1000,1000,348.190673828125,-1113.494384765625,9.241853713989258,-453.2331237792969,0.9788324236869812,0.0017931071342900395,0.2046552300453186,0.0,-0.0018761333776637912,0.9999982118606567,0.0002116556279361248,0.0,-0.2046544849872589,-0.0005911359330639243,0.9788340926170349,0.0
1000,1000,349.4044494628906,-1113.5440673828125,9.241851806640625,-452.86590576171875,0.9829480051994324,0.0018170170951634645,0.1838749498128891,0.0,-0.0018930709920823574,0.9999982118606567,0.0002380778023507446,0.0,-0.18387417495250702,-0.0005821064114570618,0.9829496145248413,0.0
1000,1000,350.62408447265625,-1113.601806640625,9.241848945617676,-452.4988708496094,0.9866390228271484,0.0018449218478053808,0.162911057472229,0.0,-0.001913613872602582,0.999998152256012,0.0002647320507094264,0.0,-0.16291025280952454,-0.0005729437689296901,0.9866407513618469,0.0
1000,1000,351.8501892089844,-1113.667724609375,9.241848945617676,-452.13201904296875,0.9898989796638489,0.0018792289774864912,0.14176197350025177,0.0,-0.0019400720484554768,0.9999980330467224,0.0002909800678025931,0.0,-0.14176113903522491,-0.0005630692467093468,0.9899007081985474,0.0
1000,1000,353.08349609375,-1113.741943359375,9.241849899291992,-451.76531982421875,0.9927207827568054,0.001913925283588469,0.12042302638292313,0.0,-0.001966719515621662,0.9999979734420776,0.0003195565950591117,0.0,-0.12042217701673508,-0.000554068828932941,0.9927225708961487,0.0
1000,1000,354.32489013671875,-1113.824462890625,9.241852760314941,-451.3987731933594,0.9950966835021973,0.0019458861788734794,0.0988873839378357,0.0,-0.0019899483304470778,0.9999979138374329,0.0003469488874543458,0.0,-0.09888650476932526,-0.0005420284578576684,0.9950985312461853,0.0
1000,1000,355.57476806640625,-1113.9154052734375,9.24185562133789,-451.0323791503906,0.9970168471336365,0.00198221649043262,0.07715822756290436,0.0,-0.0020172398071736097,0.9999978542327881,0.0003759793471544981,0.0,-0.07715731859207153,-0.0005305043887346983,0.9970187544822693,0.0
1000,1000,356.8341064453125,-1114.014892578125,9.241853713989258,-450.6661682128906,0.998471736907959,0.0020217031706124544,0.05522695928812027,0.0,-0.0020470714662224054,0.9999977946281433,0.00040277684456668794,0.0,-0.055226027965545654,-0.000515214866027236,0.9984737038612366,0.0
1000,1000,358.10333251953125,-1114.123046875,9.241848945617676,-450.3001403808594,0.9994500279426575,0.0020663789473474026,0.03309699520468712,0.0,-0.0020817513577640057,0.9999977350234985,0.00043001549784094095,0.0,-0.033096034079790115,-0.0004986787098459899,0.9994520545005798,0.0
1000,1000,359.3808898925781,-1114.2401123046875,9.24184799194336,-449.93450927734375,0.9999393820762634,0.0021120174787938595,0.01080536749213934,0.0,-0.002116905525326729,0.999997615814209,0.0004409732937347144,0.0,-0.010804410092532635,-0.0004638204991351813,0.9999415278434753,0.0
1000,1000,0.665435791015625,-1114.3660888671875,9.241847038269043,-449.569580078125,0.999930202960968,0.0021509588696062565,-0.011613733135163784,0.0,-0.0021460787393152714,0.999997615814209,0.0004326605994720012,0.0,0.011614636518061161,-0.0004077064513694495,0.9999324679374695,0.0
1000,1000,1.9562149047851562,-1114.5010986328125,9.241843223571777,-449.2056884765625,0.9994148015975952,0.0021822084672749043,-0.03413579985499382,0.0,-0.002169408369809389,0.9999975562095642,0.0004120049416087568,0.0,0.03413661941885948,-0.00033770938171073794,0.9994171261787415,0.0
1000,1000,3.2532196044921875,-1114.645263671875,9.241841316223145,-448.8432312011719,0.998386025428772,0.002207620767876506,-0.05674898624420166,0.0,-0.0021890609059482813,0.9999974966049194,0.0003892157110385597,0.0,0.056749701499938965,-0.00026436056941747665,0.998388409614563,0.0
1000,1000,4.5568389892578125,-1114.7984619140625,9.241846084594727,-448.4825134277344,0.9968365430831909,0.002221424598246813,-0.07944799214601517,0.0,-0.0021990910172462463,0.9999974966049194,0.00036860318505205214,0.0,0.07944861799478531,-0.00019272378995083272,0.9968389272689819,0.0
1000,1000,5.867027282714844,-1114.960693359375,9.241849899291992,-448.1239013671875,0.9947592616081238,0.0022368726786226034,-0.10222002863883972,0.0,-0.002212328603491187,0.9999974966049194,0.0003534774004947394,0.0,0.1022205650806427,-0.00012548064114525914,0.9947617650032043,0.0
1000,1000,7.183631896972656,-1115.132080078125,9.241850852966309,-447.7676696777344,0.9921479225158691,0.002252108184620738,-0.12504982948303223,0.0,-0.002226840937510133,0.9999974966049194,0.000341840204782784,0.0,0.12505027651786804,-6.068998482078314e-05,0.9921504259109497,0.0
1000,1000,8.506507873535156,-1115.3125,9.24184799194336,-447.41412353515625,0.9889964461326599,0.0022638626396656036,-0.14792175590991974,0.0,-0.0022395364940166473,0.9999974370002747,0.0003310081083327532,0.0,0.1479221135377884,3.910288796760142e-06,0.9889990091323853,0.0
1000,1000,9.835647583007812,-1115.501953125,9.241839408874512,-447.06353759765625,0.9852992296218872,0.0022723900619894266,-0.17082253098487854,0.0,-0.002250355901196599,0.9999974370002747,0.00032261782325804234,0.0,0.17082282900810242,6.653643504250795e-05,0.9853017926216125,0.0
1000,1000,11.170822143554688,-1115.700439453125,9.24183177947998,-446.7161865234375,0.9810512661933899,0.0022813465911895037,-0.19373488426208496,0.0,-0.0022629944141954184,0.9999973773956299,0.0003160365449730307,0.0,0.19373509287834167,0.00012837289250455797,0.98105388879776,0.0
1000,1000,12.512092590332031,-1115.9078369140625,9.241836547851562,-446.37237548828125,0.9762476086616516,0.0022877133451402187,-0.21664568781852722,0.0,-0.0022746105678379536,0.9999973773956299,0.0003098340821452439,0.0,0.21664583683013916,0.00019030971452593803,0.9762502312660217,0.0
1000,1000,13.859291076660156,-1116.1241455078125,9.24184513092041,-446.0323181152344,0.9708842039108276,0.0022945727687329054,-0.2395382821559906,0.0,-0.002288163872435689,0.9999973177909851,0.00030485456227324903,0.0,0.23953834176063538,0.00025212435866706073,0.9708868861198425,0.0
1000,1000,15.212326049804688,-1116.349365234375,9.24184799194336,-445.6962890625,0.9649573564529419,0.002296378370374441,-0.26239675283432007,0.0,-0.0022980747744441032,0.9999973177909851,0.00030041555874049664,0.0,0.26239675283432007,0.00031311908969655633,0.9649600386619568,0.0
1000,1000,16.57128143310547,-1116.5833740234375,9.241849899291992,-445.3645324707031,0.9584628939628601,0.0022978251799941063,-0.2852081060409546,0.0,-0.002309155650436878,0.9999973177909851,0.00029655214166268706,0.0,0.28520798683166504,0.0003743556444533169,0.958465576171875,0.0
1000,1000,17.935035705566406,-1116.8260498046875,9.241851806640625,-445.0373229980469,0.9514034986495972,0.002291398821398616,-0.30793842673301697,0.0,-0.0023142893332988024,0.9999972581863403,0.00029086877475492656,0.0,0.30793824791908264,0.0004359250015113503,0.9514062404632568,0.0
1000,1000,19.297500610351562,-1117.0770263671875,9.241854667663574,-444.7149353027344,0.9438127279281616,0.0022375155240297318,-0.33047324419021606,0.0,-0.002274520229548216,0.9999973773956299,0.0002747232501860708,0.0,0.33047300577163696,0.0004923806991428137,0.9438153505325317,0.0
1000,1000,20.65483856201172,-1117.335693359375,9.241852760314941,-444.39764404296875,0.935719907283783,0.0021532403770834208,-0.3527373671531677,0.0,-0.0022075988817960024,0.9999975562095642,0.00024817598750814795,0.0,0.3527370095252991,0.0005464793066494167,0.9357223510742188,0.0
1000,1000,22.006088256835938,-1117.6016845703125,9.241849899291992,-444.08575439453125,0.9271417260169983,0.002070925198495388,-0.37470510601997375,0.0,-0.0021468335762619972,0.9999976754188538,0.00021483995078597218,0.0,0.3747046887874603,0.0006052425014786422,0.9271440505981445,0.0
1000,1000,23.351425170898438,-1117.8746337890625,9.241846084594727,-443.7795715332031,0.9180887341499329,0.001998666673898697,-0.3963698148727417,0.0,-0.0020995670929551125,0.9999977350234985,0.0001793101691873744,0.0,0.3963692784309387,0.0006675822660326958,0.9180909395217896,0.0
1000,1000,24.691200256347656,-1118.154052734375,9.241844177246094,-443.47943115234375,0.9085702896118164,0.001937257475219667,-0.4177274703979492,0.0,-0.0020652636885643005,0.9999978542327881,0.00014558789553120732,0.0,0.41772687435150146,0.0007304407190531492,0.9085723161697388,0.0
1000,1000,26.02581787109375,-1118.4398193359375,9.241849899291992,-443.1855773925781,0.8985944390296936,0.001884601661004126,-0.4387761056423187,0.0,-0.0020408451091498137,0.9999979138374329,0.00011556132812984288,0.0,0.4387753903865814,0.0007916312897577882,0.8985964059829712,0.0
1000,1000,27.355079650878906,-1118.7314453125,9.241857528686523,-442.8983154296875,0.8881739377975464,0.0018390596378594637,-0.45950376987457275,0.0,-0.002024480840191245,0.9999979734420776,8.914992213249207e-05,0.0,0.4595029950141907,0.0008510758052580059,0.8881758451461792,0.0
1000,1000,28.67926025390625,-1119.0289306640625,9.24185848236084,-442.61785888671875,0.8773180842399597,0.0018036339897662401,-0.4799059331417084,0.0,-0.002018122235313058,0.9999979138374329,6.896199192851782e-05,0.0,0.4799050986766815,0.0009080073796212673,0.8773199319839478,0.0
1000,1000,29.998146057128906,-1119.3319091796875,9.24185562133789,-442.3444519042969,0.8660397529602051,0.0017655692063272,-0.4999721050262451,0.0,-0.002009451389312744,0.9999979734420776,5.060463445261121e-05,0.0,0.4999712109565735,0.0009608438122086227,0.8660415410995483,0.0
1000,1000,31.311752319335938,-1119.64013671875,9.241852760314941,-442.07830810546875,0.8543504476547241,0.0017299866303801537,-0.5196943879127502,0.0,-0.002003588480874896,0.9999979734420776,3.5052100429311395e-05,0.0,0.5196934342384338,0.0010113067692145705,0.8543522357940674,0.0
1000,1000,32.619903564453125,-1119.953369140625,9.24184799194336,-441.8195495605469,0.8422635793685913,0.001696311286650598,-0.5390632748603821,0.0,-0.0019987430423498154,0.9999980330467224,2.3817934561520815e-05,0.0,0.5390622019767761,0.0010573880281299353,0.8422653079032898,0.0
1000,1000,33.922882080078125,-1120.271484375,9.241844177246094,-441.5683288574219,0.8297877907752991,0.0016632996266707778,-0.5580765604972839,0.0,-0.0019939937628805637,0.9999979734420776,1.559755764901638e-05,0.0,0.558075487613678,0.001099858433008194,0.8297894597053528,0.0
1000,1000,35.22039794921875,-1120.59423828125,9.241846084594727,-441.32476806640625,0.816938042640686,0.001626457436941564,-0.5767230987548828,0.0,-0.001984640257433057,0.9999980330467224,8.8884262368083e-06,0.0,0.5767220258712769,0.0011373265879228711,0.816939651966095,0.0
1000,1000,36.512847900390625,-1120.92138671875,9.241850852966309,-441.0889587402344,0.8037219047546387,0.0015883664600551128,-0.5950030088424683,0.0,-0.0019736015237867832,0.9999980330467224,3.590772394090891e-06,0.0,0.5950018167495728,0.0011714126449078321,0.8037235140800476,0.0
1000,1000,37.79991912841797,-1121.252685546875,9.241852760314941,-440.8609924316406,0.7901543974876404,0.0015515756094828248,-0.6129059791564941,0.0,-0.001963663147762418,0.9999980926513672,-3.993045538663864e-08,0.0,0.6129047870635986,0.001203572261147201,0.7901558876037598,0.0
1000,1000,39.08189392089844,-1121.5880126953125,9.241851806640625,-440.6409606933594,0.7762441039085388,0.001518232747912407,-0.6304306387901306,0.0,-0.0019569555297493935,0.9999980330467224,-1.3409298844635487e-06,0.0,0.6304294466972351,0.0012347656302154064,0.7762455940246582,0.0
1000,1000,40.35906982421875,-1121.9271240234375,9.241852760314941,-440.42889404296875,0.7619997262954712,0.0014802912482991815,-0.6475756168365479,0.0,-0.0019450992112979293,0.9999980926513672,-2.897984813898802e-06,0.0,0.6475744247436523,0.0012618070468306541,0.7620011568069458,0.0
1000,1000,41.63104248046875,-1122.269775390625,9.241852760314941,-440.224853515625,0.7474369406700134,0.0014429416041821241,-0.6643311381340027,0.0,-0.001934331376105547,0.999998152256012,-4.292873200029135e-06,0.0,0.6643299460411072,0.0012882451992481947,0.7474383115768433,0.0
1000,1000,42.898284912109375,-1122.61572265625,9.241851806640625,-440.02886962890625,0.7325619459152222,0.0014067305019125342,-0.6806989312171936,0.0,-0.001925365417264402,0.999998152256012,-5.467096343636513e-06,0.0,0.6806976199150085,0.0013145991833880544,0.732563316822052,0.0
1000,1000,44.16056823730469,-1122.96484375,9.241848945617676,-439.8410339355469,0.7173888683319092,0.0013727411860600114,-0.6966716051101685,0.0,-0.0019185844575986266,0.9999982118606567,-5.214125849306583e-06,0.0,0.6966702938079834,0.001340363873168826,0.7173901796340942,0.0
1000,1000,45.41807556152344,-1123.3170166015625,9.241846084594727,-439.6613464355469,0.7019271850585938,0.0013352127280086279,-0.7122474908828735,0.0,-0.0019079837948083878,0.999998152256012,-5.693873390555382e-06,0.0,0.7122461795806885,0.0013629533350467682,0.7019283771514893,0.0
1000,1000,46.6710205078125,-1123.671875,9.241851806640625,-439.48980712890625,0.6861853003501892,0.0012941199820488691,-0.727425754070282,0.0,-0.0018946276977658272,0.9999982118606567,-8.176779374480247e-06,0.0,0.7274244427680969,0.001383811584673822,0.6861864328384399,0.0
1000,1000,47.91938781738281,-1124.029296875,9.241853713989258,-439.32647705078125,0.6701744198799133,0.0012583943316712976,-0.742202639579773,0.0,-0.001887079211883247,0.9999982118606567,-8.461473044008017e-06,0.0,0.7422013282775879,0.0014062656555324793,0.6701755523681641,0.0
1000,1000,49.16337585449219,-1124.3890380859375,9.241856575012207,-439.17138671875,0.6539033055305481,0.0012203544611111283,-0.7565771341323853,0.0,-0.0018772323383018374,0.9999982714653015,-9.485112968832254e-06,0.0,0.7565758228302002,0.001426473492756486,0.6539044380187988,0.0
1000,1000,50.40303039550781,-1124.7509765625,9.241856575012207,-439.0245056152344,0.6373820304870605,0.0011842662934213877,-0.7705469727516174,0.0,-0.0018688004929572344,0.9999982714653015,-8.922943379729986e-06,0.0,0.7705456614494324,0.001445686211809516,0.6373831629753113,0.0
1000,1000,51.638275146484375,-1125.1148681640625,9.241853713989258,-438.8858947753906,0.6206231713294983,0.0011475153733044863,-0.7841081619262695,0.0,-0.0018598777242004871,0.9999982714653015,-8.63376772031188e-06,0.0,0.7841068506240845,0.001463703578338027,0.6206241846084595,0.0
1000,1000,52.86932373046875,-1125.48046875,9.241854667663574,-438.7555236816406,0.6036339402198792,0.0011103564174845815,-0.7972608804702759,0.0,-0.0018518288852646947,0.9999982714653015,-9.372422937303782e-06,0.0,0.7972594499588013,0.0014820483047515154,0.6036349534988403,0.0
1000,1000,54.096282958984375,-1125.84765625,9.24185562133789,-438.6333923339844,0.5864240527153015,0.001073730643838644,-0.8100035190582275,0.0,-0.001843717647716403,0.9999982714653015,-9.22416802495718e-06,0.0,0.8100020885467529,0.0014988270122557878,0.5864250659942627,0.0
1000,1000,55.319122314453125,-1126.2161865234375,9.241853713989258,-438.51953125,0.5690041780471802,0.0010381414322182536,-0.8223340511322021,0.0,-0.001837231800891459,0.9999983310699463,-8.819857612252235e-06,0.0,0.8223326206207275,0.001515836687758565,0.5690051317214966,0.0
1000,1000,56.538177490234375,-1126.5859375,9.241851806640625,-438.4139099121094,0.5513803362846375,0.0010039078770205379,-0.8342535495758057,0.0,-0.0018317023059353232,0.9999983310699463,-7.262395229190588e-06,0.0,0.834252119064331,0.0015321080572903156,0.5513812899589539,0.0
1000,1000,57.75221252441406,-1126.9566650390625,9.241854667663574,-438.3166198730469,0.533581018447876,0.000959410157520324,-0.8457485437393188,0.0,-0.001825215294957161,0.9999983310699463,-1.713476376608014e-05,0.0,0.8457471132278442,0.0015528155490756035,0.5335818529129028,0.0
1000,1000,58.96134948730469,-1127.328125,9.24185562133789,-438.2276611328125,0.5156155228614807,0.000908362097106874,-0.8568196296691895,0.0,-0.001818845164962113,0.9999983310699463,-3.438821295276284e-05,0.0,0.8568181991577148,0.0015761530958116055,0.5156164169311523,0.0
1000,1000,60.16636657714844,-1127.699951171875,9.241854667663574,-438.1470947265625,0.4974825978279114,0.0008618939900770783,-0.8674736022949219,0.0,-0.0018160348990932107,0.9999983310699463,-4.790141247212887e-05,0.0,0.8674721717834473,0.001599192270077765,0.4974833130836487,0.0
1000,1000,61.36778259277344,-1128.072021484375,9.241854667663574,-438.0749206542969,0.4791847765445709,0.0008185775950551033,-0.8777136206626892,0.0,-0.0018107099458575249,0.9999983310699463,-5.592737579718232e-05,0.0,0.8777121901512146,0.0016160844825208187,0.47918546199798584,0.0
1000,1000,62.56550598144531,-1128.4442138671875,9.241854667663574,-438.0111083984375,0.4607335329055786,0.0007767591159790754,-0.8875381946563721,0.0,-0.001802515471354127,0.9999983906745911,-6.052851676940918e-05,0.0,0.8875366449356079,0.0016276887618005276,0.46073418855667114,0.0
1000,1000,63.759490966796875,-1128.816162109375,9.241853713989258,-437.95562744140625,0.44213929772377014,0.0007357539725489914,-0.896946132183075,0.0,-0.0017932942137122154,0.9999983906745911,-6.369734182953835e-05,0.0,0.8969445824623108,0.0016366513445973396,0.4421399235725403,0.0
1000,1000,64.94970703125,-1129.187744140625,9.241854667663574,-437.9084167480469,0.4234130382537842,0.000693759648129344,-0.9059365391731262,0.0,-0.0017828955315053463,0.9999983906745911,-6.749114254489541e-05,0.0,0.9059351086616516,0.0016437666490674019,0.42341357469558716,0.0
1000,1000,66.13702392578125,-1129.558837890625,9.241854667663574,-437.8694152832031,0.4045502245426178,0.0006593104335479438,-0.9145155549049377,0.0,-0.0017745592631399632,0.9999983906745911,-6.406556349247694e-05,0.0,0.9145141243934631,0.0016487798420712352,0.4045507311820984,0.0
1000,1000,67.32371520996094,-1129.929443359375,9.24185562133789,-437.83856201171875,0.38552388548851013,0.0006413428927771747,-0.9226977825164795,0.0,-0.0017756102606654167,0.9999983906745911,-4.681764403358102e-05,0.0,0.9226963520050049,0.0016564007382839918,0.3855243921279907,0.0
1000,1000,68.51087951660156,-1130.299560546875,9.241856575012207,-437.8157958984375,0.36632394790649414,0.0006342622800730169,-0.9304871559143066,0.0,-0.001782421488314867,0.9999983906745911,-2.007803414016962e-05,0.0,0.9304856061935425,0.0016658754320815206,0.3663244843482971,0.0
1000,1000,69.69905090332031,-1130.669189453125,9.24185848236084,-437.80108642578125,0.3469507098197937,0.0006301170215010643,-0.937883198261261,0.0,-0.001788991503417492,0.9999983906745911,1.0048330295830965e-05,0.0,0.9378816485404968,0.0016743787564337254,0.3469512462615967,0.0
1000,1000,70.88844299316406,-1131.0384521484375,9.241859436035156,-437.7943420410156,0.32740798592567444,0.0006266660639084876,-0.944882869720459,0.0,-0.001797202741727233,0.9999983310699463,4.0477432776242495e-05,0.0,0.9448813199996948,0.0016848933883011341,0.3274085521697998,0.0
1000,1000,72.07945251464844,-1131.4073486328125,9.241856575012207,-437.7955627441406,0.3076971173286438,0.0006215936737135053,-0.951484203338623,0.0,-0.0018059982685372233,0.9999983906745911,6.925198249518871e-05,0.0,0.9514826536178589,0.001697070081718266,0.30769777297973633,0.0
1000,1000,73.27255249023438,-1131.77587890625,9.241853713989258,-437.8047180175781,0.28781864047050476,0.0006154847797006369,-0.9576847553253174,0.0,-0.0018164776265621185,0.9999983906745911,9.676214540377259e-05,0.0,0.9576832056045532,0.0017117629759013653,0.2878193259239197,0.0
1000,1000,74.46830749511719,-1132.14404296875,9.241854667663574,-437.8218078613281,0.26777079701423645,0.0006092808325774968,-0.9634823799133301,0.0,-0.0018275792244821787,0.9999982714653015,0.00012445234460756183,0.0,0.9634808301925659,0.0017275158315896988,0.2677714228630066,0.0
1000,1000,75.66738891601562,-1132.511962890625,9.241857528686523,-437.8468322753906,0.24754977226257324,0.0006042560562491417,-0.968874990940094,0.0,-0.0018415215890854597,0.9999982714653015,0.00015315372729673982,0.0,0.9688734412193298,0.0017462910618633032,0.24755042791366577,0.0
1000,1000,76.87049865722656,-1132.879638671875,9.241857528686523,-437.8797912597656,0.22715219855308533,0.0005979225970804691,-0.9738591313362122,0.0,-0.0018568446394056082,0.9999982118606567,0.00018086301861330867,0.0,0.973857581615448,0.0017672216054052114,0.22715288400650024,0.0
1000,1000,78.0782470703125,-1133.2470703125,9.241854667663574,-437.9207458496094,0.20657478272914886,0.000591122661717236,-0.9784306883811951,0.0,-0.0018750416347756982,0.9999982118606567,0.00020827760454267263,0.0,0.9784290194511414,0.0017915732460096478,0.20657551288604736,0.0
1000,1000,79.29136657714844,-1133.6142578125,9.241851806640625,-437.9697265625,0.18581409752368927,0.0005828920402564108,-0.9825847148895264,0.0,-0.0018936649430543184,0.999998152256012,0.00023511599283665419,0.0,0.9825830459594727,0.0018169983522966504,0.18581485748291016,0.0
1000,1000,80.51036071777344,-1133.9813232421875,9.241850852966309,-438.0267639160156,0.16486845910549164,0.0005750259733758867,-0.9863154292106628,0.0,-0.0019130483269691467,0.999998152256012,0.00026322563644498587,0.0,0.9863137602806091,0.001843471429310739,0.1648692488670349,0.0
1000,1000,81.73594665527344,-1134.34814453125,9.241849899291992,-438.0919494628906,0.1437346339225769,0.0005668095545843244,-0.9896161556243896,0.0,-0.0019358989084139466,0.9999980926513672,0.000291580508928746,0.0,0.9896143674850464,0.0018738864455372095,0.14373546838760376,0.0
1000,1000,82.96870422363281,-1134.71484375,9.241849899291992,-438.16534423828125,0.12241043150424957,0.000556786369998008,-0.9924794435501099,0.0,-0.0019616151694208384,0.9999980330467224,0.0003190626157447696,0.0,0.9924776554107666,0.001907806028611958,0.12241131067276001,0.0
1000,1000,84.2093505859375,-1135.0814208984375,9.241852760314941,-438.2470703125,0.1008932888507843,0.0005450901226140559,-0.9948970079421997,0.0,-0.0019876244477927685,0.9999979734420776,0.0003463185275904834,0.0,0.9948952198028564,0.001942540518939495,0.10089415311813354,0.0
1000,1000,85.45849609375,-1135.44775390625,9.241851806640625,-438.3372497558594,0.07918034493923187,0.000531713361851871,-0.9968600869178772,0.0,-0.0020163455046713352,0.9999979138374329,0.00037322932621464133,0.0,0.9968581795692444,0.0019804618787020445,0.0791812539100647,0.0
1000,1000,86.71688842773438,-1135.81396484375,9.241849899291992,-438.43597412109375,0.057268913835287094,0.0005166215705685318,-0.9983587861061096,0.0,-0.0020467289723455906,0.9999978542327881,0.00040006276685744524,0.0,0.9983568787574768,0.002020458225160837,0.0572698712348938,0.0
1000,1000,87.98509216308594,-1136.179931640625,9.241851806640625,-438.54339599609375,0.03515845909714699,0.0005008414154872298,-0.9993816614151001,0.0,-0.0020790090784430504,0.9999977350234985,0.00042801001109182835,0.0,0.9993796348571777,0.002062675077468157,0.035159409046173096,0.0
1000,1000,89.26200866699219,-1136.545654296875,9.241850852966309,-438.65960693359375,0.01287921890616417,0.0004692207439802587,-0.9999169111251831,0.0,-0.0021105159539729357,0.9999976754188538,0.00044207466999068856,0.0,0.9999147653579712,0.0021046472247689962,0.012880206108093262,0.0
1000,1000,90.5460205078125,-1136.91064453125,9.241847038269043,-438.7847595214844,-0.00953064113855362,0.0004138937802053988,-0.9999546408653259,0.0,-0.0021401888225227594,0.999997615814209,0.00043430953519418836,0.0,0.999952495098114,0.002144230529665947,-0.009529709815979004,0.0
1000,1000,91.83634948730469,-1137.274658203125,9.241842269897461,-438.9189453125,-0.03204568102955818,0.000344431318808347,-0.9994864463806152,0.0,-0.0021658726036548615,0.999997615814209,0.00041404966032132506,0.0,0.9994841814041138,0.0021780284587293863,-0.032044827938079834,0.0
1000,1000,93.13265991210938,-1137.63720703125,9.24184513092041,-439.06219482421875,-0.05464868247509003,0.00027056754333898425,-0.9985055327415466,0.0,-0.0021847328171133995,0.9999974966049194,0.0003905436024069786,0.0,0.9985031485557556,0.0022028107196092606,-0.054647982120513916,0.0
1000,1000,94.43536376953125,-1137.998046875,9.24184799194336,-439.21453857421875,-0.07733501493930817,0.00020054972264915705,-0.997005045413971,0.0,-0.0022000125609338284,0.9999974966049194,0.00037180085200816393,0.0,0.9970026612281799,0.002222177106887102,-0.07733440399169922,0.0
1000,1000,95.7447509765625,-1138.3568115234375,9.241846084594727,-439.3759765625,-0.10009727627038956,0.00013256468810141087,-0.9949777722358704,0.0,-0.0022123719099909067,0.9999974966049194,0.00035580352414399385,0.0,0.9949752688407898,0.002236875705420971,-0.1000967025756836,0.0
1000,1000,97.06062316894531,-1138.7132568359375,9.241843223571777,-439.5464782714844,-0.12291986495256424,6.696314085274935e-05,-0.9924167394638062,0.0,-0.0022235019132494926,0.9999974966049194,0.0003428753116168082,0.0,0.9924142360687256,0.0022487863898277283,-0.12291938066482544,0.0
1000,1000,98.38284301757812,-1139.0670166015625,9.241846084594727,-439.7260437011719,-0.14578738808631897,2.7385540306568146e-06,-0.9893158674240112,0.0,-0.0022361602168530226,0.9999974370002747,0.0003322926932014525,0.0,0.9893133640289307,0.0022607131395488977,-0.14578700065612793,0.0
1000,1000,99.71147155761719,-1139.4178466796875,9.241846084594727,-439.91461181640625,-0.1686871200799942,-5.9333047829568386e-05,-0.9856696724891663,0.0,-0.0022492213174700737,0.9999974370002747,0.0003247351851314306,0.0,0.9856670498847961,0.0022717679385095835,-0.16868680715560913,0.0
1000,1000,101.04612731933594,-1139.7655029296875,9.241843223571777,-440.1121826171875,-0.19159947335720062,-0.00012229057028889656,-0.9814732074737549,0.0,-0.0022618721704930067,0.9999973773956299,0.0003169553820043802,0.0,0.9814705848693848,0.002280695363879204,-0.19159924983978271,0.0
1000,1000,102.38667297363281,-1140.1097412109375,9.241840362548828,-440.3187255859375,-0.21450813114643097,-0.00018555973656475544,-0.9767223000526428,0.0,-0.0022745628375560045,0.9999973773956299,0.00030955858528614044,0.0,0.9767196774482727,0.0022880188189446926,-0.21450799703598022,0.0
1000,1000,103.73316955566406,-1140.4501953125,9.241841316223145,-440.5341796875,-0.2374005764722824,-0.0002489337930455804,-0.9714117646217346,0.0,-0.0022866344079375267,0.9999973177909851,0.00030256505124270916,0.0,0.9714091420173645,0.0022930926643311977,-0.23740053176879883,0.0
1000,1000,105.0858154296875,-1140.78662109375,9.241847038269043,-440.7585144042969,-0.26026561856269836,-0.0003097896696999669,-0.9655371308326721,0.0,-0.0023008077405393124,0.9999973177909851,0.00029934849590063095,0.0,0.9655343890190125,0.002299424959346652,-0.26026564836502075,0.0
1000,1000,106.44413757324219,-1141.1187744140625,9.241853713989258,-440.9916687011719,-0.2830803394317627,-0.000370037741959095,-0.9590960741043091,0.0,-0.002312693977728486,0.9999972581863403,0.00029678107239305973,0.0,0.9590933322906494,0.00230210879817605,-0.28308045864105225,0.0
1000,1000,107.80796813964844,-1141.4464111328125,9.241854667663574,-441.23358154296875,-0.30582746863365173,-0.0004313014796935022,-0.9520869255065918,0.0,-0.00232358044013381,0.9999972581863403,0.000293370452709496,0.0,0.9520841836929321,0.0023019714280962944,-0.30582761764526367,0.0
1000,1000,109.17095947265625,-1141.769287109375,9.241848945617676,-441.4837951660156,-0.32838761806488037,-0.00048768450506031513,-0.9445430636405945,0.0,-0.0022842895705252886,0.9999973773956299,0.00027785811107605696,0.0,0.9445404410362244,0.0022488548420369625,-0.3283878564834595,0.0
1000,1000,110.52908325195312,-1142.0870361328125,9.241846084594727,-441.7418518066406,-0.35068249702453613,-0.0005418916698545218,-0.9364942312240601,0.0,-0.002217483939602971,0.9999974966049194,0.0002517288667149842,0.0,0.9364917278289795,0.002164937788620591,-0.3506828546524048,0.0
1000,1000,111.88090515136719,-1142.3994140625,9.24184799194336,-442.00726318359375,-0.37267816066741943,-0.0005988309276290238,-0.9279606342315674,0.0,-0.002151224995031953,0.9999976754188538,0.0002186349593102932,0.0,0.9279583692550659,0.0020777322351932526,-0.37267857789993286,0.0
1000,1000,113.22669982910156,-1142.7061767578125,9.241848945617676,-442.27960205078125,-0.394369512796402,-0.0006586221279576421,-0.9189518094062805,0.0,-0.002100840210914612,0.9999977946281433,0.00018486997578293085,0.0,0.9189496636390686,0.0020034778863191605,-0.39437001943588257,0.0
